-- Seed data exported from crm.db (2026-06-27T03:12:22.965Z)
BEGIN;
INSERT INTO users (id, username, password, brand_name) VALUES (1, 'admin', 'admin123', 'AmorePacific');
INSERT INTO customers (id, customer_no, name, birth_date, join_date, skin_type, region, memo, mileage) VALUES (1, 'CUST-0001', '정민준', '1980-03-10', '2026-05-01', '지성,복합성', '서울 강남구', '', 0);
INSERT INTO customers (id, customer_no, name, birth_date, join_date, skin_type, region, memo, mileage) VALUES (2, 'CUST-0002', '한서아', '1971-12-05', '2026-05-01', '민감성,건성', '인천 연수구', '', 0);
INSERT INTO customers (id, customer_no, name, birth_date, join_date, skin_type, region, memo, mileage) VALUES (3, 'CUST-0003', '강서아', '1969-01-09', '2026-05-01', '민감성', '대구 수성구', '', 12000);
INSERT INTO customers (id, customer_no, name, birth_date, join_date, skin_type, region, memo, mileage) VALUES (4, 'CUST-0004', '박하준', '1995-02-20', '2026-05-01', '민감성,복합성', '인천 연수구', '', 15000);
INSERT INTO customers (id, customer_no, name, birth_date, join_date, skin_type, region, memo, mileage) VALUES (5, 'CUST-0005', '윤아린', '1997-09-09', '2026-05-01', '건성,민감성', '서울 강남구', '', 14000);
INSERT INTO customers (id, customer_no, name, birth_date, join_date, skin_type, region, memo, mileage) VALUES (6, 'CUST-0006', '임주원', '2005-10-26', '2026-05-01', '건성', '인천 연수구', '', 6000);
INSERT INTO customers (id, customer_no, name, birth_date, join_date, skin_type, region, memo, mileage) VALUES (7, 'CUST-0007', '최하은', '2000-06-19', '2026-05-01', '민감성', '서울 서초구', '', 16000);
INSERT INTO customers (id, customer_no, name, birth_date, join_date, skin_type, region, memo, mileage) VALUES (8, 'CUST-0008', '한서준', '2002-08-03', '2026-05-01', '복합성', '경기 분당구', '', 4000);
INSERT INTO customers (id, customer_no, name, birth_date, join_date, skin_type, region, memo, mileage) VALUES (9, 'CUST-0009', '권수아', '1992-12-25', '2026-05-01', '민감성,건성', '대구 수성구', '', 19000);
INSERT INTO customers (id, customer_no, name, birth_date, join_date, skin_type, region, memo, mileage) VALUES (10, 'CUST-0010', '서하준', '1995-07-01', '2026-05-01', '복합성', '경기 분당구', '', 16000);
INSERT INTO customers (id, customer_no, name, birth_date, join_date, skin_type, region, memo, mileage) VALUES (11, 'CUST-0011', '신민준', '1969-01-09', '2026-05-01', '건성', '경기 분당구', '', 12000);
INSERT INTO customers (id, customer_no, name, birth_date, join_date, skin_type, region, memo, mileage) VALUES (12, 'CUST-0012', '장윤서', '1989-03-23', '2026-05-01', '민감성', '경기 분당구', '', 10000);
INSERT INTO customers (id, customer_no, name, birth_date, join_date, skin_type, region, memo, mileage) VALUES (13, 'CUST-0013', '신서윤', '1971-01-04', '2026-05-01', '민감성,지성', '대구 수성구', '', 8000);
INSERT INTO customers (id, customer_no, name, birth_date, join_date, skin_type, region, memo, mileage) VALUES (14, 'CUST-0014', '권민준', '1961-04-06', '2026-05-01', '민감성', '서울 서초구', '', 10000);
INSERT INTO customers (id, customer_no, name, birth_date, join_date, skin_type, region, memo, mileage) VALUES (15, 'CUST-0015', '이서윤', '1989-04-01', '2026-05-01', '건성', '경기 분당구', '', 1000);
INSERT INTO customers (id, customer_no, name, birth_date, join_date, skin_type, region, memo, mileage) VALUES (16, 'CUST-0016', '최준우', '1983-08-02', '2026-05-01', '민감성', '부산 해운대구', '', 18000);
INSERT INTO customers (id, customer_no, name, birth_date, join_date, skin_type, region, memo, mileage) VALUES (17, 'CUST-0017', '조지호', '1982-05-14', '2026-05-01', '복합성,지성', '부산 해운대구', '', 10000);
INSERT INTO customers (id, customer_no, name, birth_date, join_date, skin_type, region, memo, mileage) VALUES (18, 'CUST-0018', '이하준', '1981-07-28', '2026-05-01', '건성,민감성', '대구 수성구', '', 17000);
INSERT INTO customers (id, customer_no, name, birth_date, join_date, skin_type, region, memo, mileage) VALUES (19, 'CUST-0019', '강유나', '1966-06-14', '2026-05-01', '복합성', '인천 연수구', '', 18000);
INSERT INTO customers (id, customer_no, name, birth_date, join_date, skin_type, region, memo, mileage) VALUES (20, 'CUST-0020', '윤아린', '1966-02-06', '2026-05-01', '건성,복합성', '경기 분당구', '', 19000);
INSERT INTO customers (id, customer_no, name, birth_date, join_date, skin_type, region, memo, mileage) VALUES (21, 'CUST-0021', '서하은', '1981-07-07', '2026-05-01', '건성', '대구 수성구', '', 16000);
INSERT INTO customers (id, customer_no, name, birth_date, join_date, skin_type, region, memo, mileage) VALUES (22, 'CUST-0022', '한시우', '1963-10-16', '2026-05-01', '복합성,지성', '서울 서초구', '', 1000);
INSERT INTO customers (id, customer_no, name, birth_date, join_date, skin_type, region, memo, mileage) VALUES (23, 'CUST-0023', '신시우', '1993-10-11', '2026-05-01', '지성,건성', '대구 수성구', '', 0);
INSERT INTO customers (id, customer_no, name, birth_date, join_date, skin_type, region, memo, mileage) VALUES (24, 'CUST-0024', '권유나', '1961-09-08', '2026-05-01', '민감성', '경기 분당구', '', 16000);
INSERT INTO customers (id, customer_no, name, birth_date, join_date, skin_type, region, memo, mileage) VALUES (25, 'CUST-0025', '조주원', '1981-01-11', '2026-05-01', '복합성,지성', '부산 해운대구', '', 11000);
INSERT INTO customers (id, customer_no, name, birth_date, join_date, skin_type, region, memo, mileage) VALUES (26, 'CUST-0026', '오하윤', '1985-05-19', '2026-05-01', '지성,복합성', '인천 연수구', '', 11000);
INSERT INTO customers (id, customer_no, name, birth_date, join_date, skin_type, region, memo, mileage) VALUES (27, 'CUST-0027', '서지우', '1979-03-04', '2026-05-01', '건성', '서울 서초구', '', 8000);
INSERT INTO customers (id, customer_no, name, birth_date, join_date, skin_type, region, memo, mileage) VALUES (28, 'CUST-0028', '이주원', '1965-11-14', '2026-05-01', '민감성,건성', '경기 분당구', '', 3000);
INSERT INTO customers (id, customer_no, name, birth_date, join_date, skin_type, region, memo, mileage) VALUES (29, 'CUST-0029', '한하은', '2002-11-08', '2026-05-01', '지성,건성', '인천 연수구', '', 10000);
INSERT INTO customers (id, customer_no, name, birth_date, join_date, skin_type, region, memo, mileage) VALUES (30, 'CUST-0030', '오지민', '1990-11-24', '2026-05-01', '건성,민감성', '서울 서초구', '', 12000);
INSERT INTO customers (id, customer_no, name, birth_date, join_date, skin_type, region, memo, mileage) VALUES (31, 'CUST-0031', '오지유', '1967-07-15', '2026-05-01', '복합성,지성', '서울 강남구', '', 7000);
INSERT INTO customers (id, customer_no, name, birth_date, join_date, skin_type, region, memo, mileage) VALUES (32, 'CUST-0032', '오하윤', '2005-07-05', '2026-05-01', '건성', '경기 분당구', '', 0);
INSERT INTO customers (id, customer_no, name, birth_date, join_date, skin_type, region, memo, mileage) VALUES (33, 'CUST-0033', '장민준', '1995-04-02', '2026-05-01', '민감성', '부산 해운대구', '', 18000);
INSERT INTO customers (id, customer_no, name, birth_date, join_date, skin_type, region, memo, mileage) VALUES (34, 'CUST-0034', '정준우', '1970-10-08', '2026-05-01', '건성', '인천 연수구', '', 15000);
INSERT INTO customers (id, customer_no, name, birth_date, join_date, skin_type, region, memo, mileage) VALUES (35, 'CUST-0035', '장서연', '1970-03-23', '2026-05-01', '건성', '부산 해운대구', '', 17000);
INSERT INTO customers (id, customer_no, name, birth_date, join_date, skin_type, region, memo, mileage) VALUES (36, 'CUST-0036', '권민서', '1988-12-03', '2026-05-01', '복합성,건성', '부산 해운대구', '', 7000);
INSERT INTO customers (id, customer_no, name, birth_date, join_date, skin_type, region, memo, mileage) VALUES (37, 'CUST-0037', '강준우', '2004-05-11', '2026-05-01', '지성,민감성', '서울 서초구', '', 12000);
INSERT INTO customers (id, customer_no, name, birth_date, join_date, skin_type, region, memo, mileage) VALUES (38, 'CUST-0038', '권아린', '1968-01-21', '2026-05-01', '복합성', '대구 수성구', '', 0);
INSERT INTO customers (id, customer_no, name, birth_date, join_date, skin_type, region, memo, mileage) VALUES (39, 'CUST-0039', '임시아', '1976-07-15', '2026-05-01', '지성', '서울 강남구', '', 11000);
INSERT INTO customers (id, customer_no, name, birth_date, join_date, skin_type, region, memo, mileage) VALUES (40, 'CUST-0040', '권시우', '1990-05-12', '2026-05-01', '복합성,지성', '부산 해운대구', '', 7000);
INSERT INTO customers (id, customer_no, name, birth_date, join_date, skin_type, region, memo, mileage) VALUES (41, 'CUST-0041', '임하은', '1999-05-21', '2026-05-01', '복합성,건성', '대구 수성구', '', 7000);
INSERT INTO customers (id, customer_no, name, birth_date, join_date, skin_type, region, memo, mileage) VALUES (42, 'CUST-0042', '윤서현', '1970-09-25', '2026-05-01', '복합성', '대구 수성구', '', 11000);
INSERT INTO customers (id, customer_no, name, birth_date, join_date, skin_type, region, memo, mileage) VALUES (43, 'CUST-0043', '오서준', '1997-04-09', '2026-05-01', '건성,민감성', '서울 강남구', '', 1000);
INSERT INTO customers (id, customer_no, name, birth_date, join_date, skin_type, region, memo, mileage) VALUES (44, 'CUST-0044', '강서현', '1970-01-17', '2026-05-01', '건성', '경기 분당구', '', 17000);
INSERT INTO customers (id, customer_no, name, birth_date, join_date, skin_type, region, memo, mileage) VALUES (45, 'CUST-0045', '강수아', '1988-08-11', '2026-05-01', '건성', '부산 해운대구', '', 2000);
INSERT INTO customers (id, customer_no, name, birth_date, join_date, skin_type, region, memo, mileage) VALUES (46, 'CUST-0046', '김하윤', '1981-09-18', '2026-05-01', '복합성,지성', '서울 강남구', '', 3000);
INSERT INTO customers (id, customer_no, name, birth_date, join_date, skin_type, region, memo, mileage) VALUES (47, 'CUST-0047', '신도윤', '1972-09-13', '2026-05-01', '건성', '경기 분당구', '', 11000);
INSERT INTO customers (id, customer_no, name, birth_date, join_date, skin_type, region, memo, mileage) VALUES (48, 'CUST-0048', '조서윤', '1970-11-05', '2026-05-01', '건성', '부산 해운대구', '', 13000);
INSERT INTO customers (id, customer_no, name, birth_date, join_date, skin_type, region, memo, mileage) VALUES (49, 'CUST-0049', '김민서', '2002-06-13', '2026-05-01', '지성,민감성', '서울 서초구', '', 5000);
INSERT INTO customers (id, customer_no, name, birth_date, join_date, skin_type, region, memo, mileage) VALUES (50, 'CUST-0050', '장유나', '1997-08-07', '2026-05-01', '건성', '서울 서초구', '', 9000);
INSERT INTO customers (id, customer_no, name, birth_date, join_date, skin_type, region, memo, mileage) VALUES (51, 'CUST-0051', '장시아', '1979-06-08', '2026-05-01', '복합성,민감성', '서울 서초구', '', 2000);
INSERT INTO customers (id, customer_no, name, birth_date, join_date, skin_type, region, memo, mileage) VALUES (52, 'CUST-0052', '정하준', '1998-03-07', '2026-05-01', '건성,지성', '서울 서초구', '', 14000);
INSERT INTO customers (id, customer_no, name, birth_date, join_date, skin_type, region, memo, mileage) VALUES (53, 'CUST-0053', '최하준', '1995-11-25', '2026-05-01', '건성', '서울 서초구', '', 3000);
INSERT INTO customers (id, customer_no, name, birth_date, join_date, skin_type, region, memo, mileage) VALUES (54, 'CUST-0054', '정민준', '1986-07-18', '2026-05-01', '복합성,건성', '대구 수성구', '', 1000);
INSERT INTO customers (id, customer_no, name, birth_date, join_date, skin_type, region, memo, mileage) VALUES (55, 'CUST-0055', '오아린', '2005-03-10', '2026-05-01', '지성', '서울 강남구', '', 17000);
INSERT INTO customers (id, customer_no, name, birth_date, join_date, skin_type, region, memo, mileage) VALUES (56, 'CUST-0056', '박시아', '1962-07-23', '2026-05-01', '건성', '경기 분당구', '', 17000);
INSERT INTO customers (id, customer_no, name, birth_date, join_date, skin_type, region, memo, mileage) VALUES (57, 'CUST-0057', '이서아', '1998-02-21', '2026-05-01', '건성,지성', '서울 서초구', '', 5000);
INSERT INTO customers (id, customer_no, name, birth_date, join_date, skin_type, region, memo, mileage) VALUES (58, 'CUST-0058', '최수아', '1995-01-28', '2026-05-01', '지성,건성', '부산 해운대구', '', 4000);
INSERT INTO customers (id, customer_no, name, birth_date, join_date, skin_type, region, memo, mileage) VALUES (59, 'CUST-0059', '윤주원', '1996-02-19', '2026-05-01', '민감성', '대구 수성구', '', 19000);
INSERT INTO customers (id, customer_no, name, birth_date, join_date, skin_type, region, memo, mileage) VALUES (60, 'CUST-0060', '정서준', '1963-11-02', '2026-05-01', '건성', '인천 연수구', '', 6000);
INSERT INTO customers (id, customer_no, name, birth_date, join_date, skin_type, region, memo, mileage) VALUES (61, 'CUST-0061', '임주원', '1972-02-28', '2026-05-01', '복합성', '서울 강남구', '', 16000);
INSERT INTO customers (id, customer_no, name, birth_date, join_date, skin_type, region, memo, mileage) VALUES (62, 'CUST-0062', '정서윤', '1996-11-02', '2026-05-01', '건성', '서울 강남구', '', 12000);
INSERT INTO customers (id, customer_no, name, birth_date, join_date, skin_type, region, memo, mileage) VALUES (63, 'CUST-0063', '최유나', '1996-06-10', '2026-05-01', '건성,지성', '부산 해운대구', '', 3000);
INSERT INTO customers (id, customer_no, name, birth_date, join_date, skin_type, region, memo, mileage) VALUES (64, 'CUST-0064', '이유나', '1975-09-04', '2026-05-01', '복합성', '서울 강남구', '', 17000);
INSERT INTO customers (id, customer_no, name, birth_date, join_date, skin_type, region, memo, mileage) VALUES (65, 'CUST-0065', '박예준', '1977-08-01', '2026-05-01', '복합성,지성', '경기 분당구', '', 15000);
INSERT INTO customers (id, customer_no, name, birth_date, join_date, skin_type, region, memo, mileage) VALUES (66, 'CUST-0066', '김유나', '1982-04-11', '2026-05-01', '민감성', '경기 분당구', '', 19000);
INSERT INTO customers (id, customer_no, name, birth_date, join_date, skin_type, region, memo, mileage) VALUES (67, 'CUST-0067', '조하윤', '1990-11-12', '2026-05-01', '건성', '부산 해운대구', '', 5000);
INSERT INTO customers (id, customer_no, name, birth_date, join_date, skin_type, region, memo, mileage) VALUES (68, 'CUST-0068', '오수아', '1984-12-25', '2026-05-01', '지성', '부산 해운대구', '', 9000);
INSERT INTO customers (id, customer_no, name, birth_date, join_date, skin_type, region, memo, mileage) VALUES (69, 'CUST-0069', '조지민', '1962-11-20', '2026-05-01', '지성,복합성', '경기 분당구', '', 10000);
INSERT INTO customers (id, customer_no, name, birth_date, join_date, skin_type, region, memo, mileage) VALUES (70, 'CUST-0070', '박하윤', '1974-09-08', '2026-05-01', '건성,민감성', '부산 해운대구', '', 1000);
INSERT INTO customers (id, customer_no, name, birth_date, join_date, skin_type, region, memo, mileage) VALUES (71, 'CUST-0071', '오유나', '1987-07-13', '2026-05-01', '민감성', '서울 강남구', '', 0);
INSERT INTO customers (id, customer_no, name, birth_date, join_date, skin_type, region, memo, mileage) VALUES (72, 'CUST-0072', '임서윤', '1996-02-21', '2026-05-01', '복합성,민감성', '인천 연수구', '', 17000);
INSERT INTO customers (id, customer_no, name, birth_date, join_date, skin_type, region, memo, mileage) VALUES (73, 'CUST-0073', '신서준', '1986-08-13', '2026-05-01', '지성', '경기 분당구', '', 15000);
INSERT INTO customers (id, customer_no, name, birth_date, join_date, skin_type, region, memo, mileage) VALUES (74, 'CUST-0074', '서시우', '1991-05-23', '2026-05-01', '건성', '서울 서초구', '', 1000);
INSERT INTO customers (id, customer_no, name, birth_date, join_date, skin_type, region, memo, mileage) VALUES (75, 'CUST-0075', '강하준', '1969-01-14', '2026-05-01', '복합성,민감성', '인천 연수구', '', 6000);
INSERT INTO customers (id, customer_no, name, birth_date, join_date, skin_type, region, memo, mileage) VALUES (76, 'CUST-0076', '최주원', '2005-10-25', '2026-05-01', '민감성', '인천 연수구', '', 9000);
INSERT INTO customers (id, customer_no, name, birth_date, join_date, skin_type, region, memo, mileage) VALUES (77, 'CUST-0077', '오서연', '1993-03-01', '2026-05-01', '복합성,지성', '인천 연수구', '', 11000);
INSERT INTO customers (id, customer_no, name, birth_date, join_date, skin_type, region, memo, mileage) VALUES (78, 'CUST-0078', '임아린', '1983-09-26', '2026-05-01', '건성', '서울 강남구', '', 18000);
INSERT INTO customers (id, customer_no, name, birth_date, join_date, skin_type, region, memo, mileage) VALUES (79, 'CUST-0079', '임수아', '1991-10-05', '2026-05-01', '지성', '경기 분당구', '', 1000);
INSERT INTO customers (id, customer_no, name, birth_date, join_date, skin_type, region, memo, mileage) VALUES (80, 'CUST-0080', '권유나', '1967-04-05', '2026-05-01', '건성,복합성', '서울 강남구', '', 14000);
INSERT INTO customers (id, customer_no, name, birth_date, join_date, skin_type, region, memo, mileage) VALUES (81, 'CUST-0081', '강시아', '1975-05-01', '2026-05-01', '건성,지성', '대구 수성구', '', 4000);
INSERT INTO customers (id, customer_no, name, birth_date, join_date, skin_type, region, memo, mileage) VALUES (82, 'CUST-0082', '조민서', '1988-06-12', '2026-05-01', '건성', '서울 서초구', '', 18000);
INSERT INTO customers (id, customer_no, name, birth_date, join_date, skin_type, region, memo, mileage) VALUES (83, 'CUST-0083', '장서연', '1971-03-19', '2026-05-01', '민감성', '경기 분당구', '', 1000);
INSERT INTO customers (id, customer_no, name, birth_date, join_date, skin_type, region, memo, mileage) VALUES (84, 'CUST-0084', '김시아', '2000-05-05', '2026-05-01', '지성', '부산 해운대구', '', 10000);
INSERT INTO customers (id, customer_no, name, birth_date, join_date, skin_type, region, memo, mileage) VALUES (85, 'CUST-0085', '이윤서', '1991-10-15', '2026-05-01', '건성', '경기 분당구', '', 18000);
INSERT INTO customers (id, customer_no, name, birth_date, join_date, skin_type, region, memo, mileage) VALUES (86, 'CUST-0086', '강민서', '1998-03-14', '2026-05-01', '지성', '서울 서초구', '', 17000);
INSERT INTO customers (id, customer_no, name, birth_date, join_date, skin_type, region, memo, mileage) VALUES (87, 'CUST-0087', '장시아', '1996-12-26', '2026-05-01', '지성,복합성', '부산 해운대구', '', 0);
INSERT INTO customers (id, customer_no, name, birth_date, join_date, skin_type, region, memo, mileage) VALUES (88, 'CUST-0088', '오하준', '1987-06-13', '2026-05-01', '건성', '서울 서초구', '', 1000);
INSERT INTO customers (id, customer_no, name, birth_date, join_date, skin_type, region, memo, mileage) VALUES (89, 'CUST-0089', '조하윤', '1979-06-05', '2026-05-01', '민감성', '경기 분당구', '', 19000);
INSERT INTO customers (id, customer_no, name, birth_date, join_date, skin_type, region, memo, mileage) VALUES (90, 'CUST-0090', '최서윤', '1968-11-20', '2026-05-01', '민감성', '서울 강남구', '', 18000);
INSERT INTO customers (id, customer_no, name, birth_date, join_date, skin_type, region, memo, mileage) VALUES (91, 'CUST-0091', '조서윤', '1981-09-03', '2026-05-01', '건성,지성', '대구 수성구', '', 15000);
INSERT INTO customers (id, customer_no, name, birth_date, join_date, skin_type, region, memo, mileage) VALUES (92, 'CUST-0092', '박서연', '1973-09-13', '2026-05-01', '복합성', '서울 서초구', '', 15000);
INSERT INTO customers (id, customer_no, name, birth_date, join_date, skin_type, region, memo, mileage) VALUES (93, 'CUST-0093', '조지호', '1997-04-14', '2026-05-01', '지성,복합성', '서울 강남구', '', 8000);
INSERT INTO customers (id, customer_no, name, birth_date, join_date, skin_type, region, memo, mileage) VALUES (94, 'CUST-0094', '윤민서', '2003-06-27', '2026-05-01', '건성', '인천 연수구', '', 11000);
INSERT INTO customers (id, customer_no, name, birth_date, join_date, skin_type, region, memo, mileage) VALUES (95, 'CUST-0095', '권준우', '1960-06-28', '2026-05-01', '복합성', '경기 분당구', '', 8000);
INSERT INTO customers (id, customer_no, name, birth_date, join_date, skin_type, region, memo, mileage) VALUES (96, 'CUST-0096', '박지호', '1961-05-16', '2026-05-01', '복합성,지성', '인천 연수구', '', 17000);
INSERT INTO customers (id, customer_no, name, birth_date, join_date, skin_type, region, memo, mileage) VALUES (97, 'CUST-0097', '정지민', '1991-06-11', '2026-05-01', '민감성,건성', '부산 해운대구', '', 0);
INSERT INTO customers (id, customer_no, name, birth_date, join_date, skin_type, region, memo, mileage) VALUES (98, 'CUST-0098', '강지호', '1983-12-13', '2026-05-01', '민감성,건성', '경기 분당구', '', 0);
INSERT INTO customers (id, customer_no, name, birth_date, join_date, skin_type, region, memo, mileage) VALUES (99, 'CUST-0099', '김서준', '1980-09-18', '2026-05-01', '민감성', '서울 강남구', '', 9000);
INSERT INTO customers (id, customer_no, name, birth_date, join_date, skin_type, region, memo, mileage) VALUES (100, 'CUST-0100', '강서연', '1999-12-11', '2026-05-01', '지성,건성', '대구 수성구', '', 12000);
INSERT INTO products (id, name, price, description, stock, image_url, link) VALUES (1, '설화수 윤조에센스', 120000, '프리미엄 안티에이징 에센스', 100, '', '');
INSERT INTO products (id, name, price, description, stock, image_url, link) VALUES (2, '헤라 블랙쿠션', 65000, '커버력 높은 매트 쿠션', 200, '', '');
INSERT INTO products (id, name, price, description, stock, image_url, link) VALUES (3, '라네즈 워터뱅크 크림', 42000, '수분 보습 크림', 150, '', '');
INSERT INTO products (id, name, price, description, stock, image_url, link) VALUES (4, '아이오페 레티놀', 85000, '주름 개선 기능성 화장품', 80, '', '');
INSERT INTO products (id, name, price, description, stock, image_url, link) VALUES (5, '프리메라 필링젤', 35000, '순한 각질 제거', 120, '', '');
INSERT INTO sales (id, date, customer_id, total_amount, used_mileage, discount_type, discount_value, payment_method, memo) VALUES (1, '2026-03-08', 47, 550000, 0, NULL, 0, '카드', '');
INSERT INTO sales (id, date, customer_id, total_amount, used_mileage, discount_type, discount_value, payment_method, memo) VALUES (2, '2026-12-16', 1, 84000, 0, NULL, 0, '카드', '');
INSERT INTO sales (id, date, customer_id, total_amount, used_mileage, discount_type, discount_value, payment_method, memo) VALUES (3, '2026-07-18', 13, 84000, 0, NULL, 0, '카드', '');
INSERT INTO sales (id, date, customer_id, total_amount, used_mileage, discount_type, discount_value, payment_method, memo) VALUES (4, '2025-06-27', 59, 299000, 0, NULL, 0, '카드', '');
INSERT INTO sales (id, date, customer_id, total_amount, used_mileage, discount_type, discount_value, payment_method, memo) VALUES (5, '2025-11-17', 53, 112000, 0, NULL, 0, '카드', '');
INSERT INTO sales (id, date, customer_id, total_amount, used_mileage, discount_type, discount_value, payment_method, memo) VALUES (6, '2026-07-18', 100, 165000, 0, NULL, 0, '카드', '');
INSERT INTO sales (id, date, customer_id, total_amount, used_mileage, discount_type, discount_value, payment_method, memo) VALUES (7, '2025-03-05', 89, 240000, 0, NULL, 0, '카드', '');
INSERT INTO sales (id, date, customer_id, total_amount, used_mileage, discount_type, discount_value, payment_method, memo) VALUES (8, '2026-01-14', 80, 150000, 0, NULL, 0, '카드', '');
INSERT INTO sales (id, date, customer_id, total_amount, used_mileage, discount_type, discount_value, payment_method, memo) VALUES (9, '2026-01-05', 47, 65000, 0, NULL, 0, '카드', '');
INSERT INTO sales (id, date, customer_id, total_amount, used_mileage, discount_type, discount_value, payment_method, memo) VALUES (10, '2026-10-18', 47, 342000, 0, NULL, 0, '카드', '');
INSERT INTO sales (id, date, customer_id, total_amount, used_mileage, discount_type, discount_value, payment_method, memo) VALUES (11, '2026-04-10', 15, 135000, 0, NULL, 0, '카드', '');
INSERT INTO sales (id, date, customer_id, total_amount, used_mileage, discount_type, discount_value, payment_method, memo) VALUES (12, '2025-11-22', 56, 85000, 0, NULL, 0, '카드', '');
INSERT INTO sales (id, date, customer_id, total_amount, used_mileage, discount_type, discount_value, payment_method, memo) VALUES (13, '2026-07-04', 49, 410000, 0, NULL, 0, '카드', '');
INSERT INTO sales (id, date, customer_id, total_amount, used_mileage, discount_type, discount_value, payment_method, memo) VALUES (14, '2025-07-14', 39, 359000, 0, NULL, 0, '카드', '');
INSERT INTO sales (id, date, customer_id, total_amount, used_mileage, discount_type, discount_value, payment_method, memo) VALUES (15, '2026-12-18', 74, 375000, 0, NULL, 0, '카드', '');
INSERT INTO sales (id, date, customer_id, total_amount, used_mileage, discount_type, discount_value, payment_method, memo) VALUES (16, '2026-08-14', 35, 155000, 0, NULL, 0, '카드', '');
INSERT INTO sales (id, date, customer_id, total_amount, used_mileage, discount_type, discount_value, payment_method, memo) VALUES (17, '2026-12-19', 43, 192000, 0, NULL, 0, '카드', '');
INSERT INTO sales (id, date, customer_id, total_amount, used_mileage, discount_type, discount_value, payment_method, memo) VALUES (18, '2026-06-11', 69, 154000, 0, NULL, 0, '카드', '');
INSERT INTO sales (id, date, customer_id, total_amount, used_mileage, discount_type, discount_value, payment_method, memo) VALUES (19, '2026-10-18', 56, 260000, 0, NULL, 0, '카드', '');
INSERT INTO sales (id, date, customer_id, total_amount, used_mileage, discount_type, discount_value, payment_method, memo) VALUES (20, '2026-09-07', 99, 130000, 0, NULL, 0, '카드', '');
INSERT INTO sales (id, date, customer_id, total_amount, used_mileage, discount_type, discount_value, payment_method, memo) VALUES (21, '2025-10-18', 56, 172000, 0, NULL, 0, '카드', '');
INSERT INTO sales (id, date, customer_id, total_amount, used_mileage, discount_type, discount_value, payment_method, memo) VALUES (22, '2026-01-08', 21, 84000, 0, NULL, 0, '카드', '');
INSERT INTO sales (id, date, customer_id, total_amount, used_mileage, discount_type, discount_value, payment_method, memo) VALUES (23, '2026-04-11', 26, 240000, 0, NULL, 0, '카드', '');
INSERT INTO sales (id, date, customer_id, total_amount, used_mileage, discount_type, discount_value, payment_method, memo) VALUES (24, '2025-02-26', 63, 165000, 0, NULL, 0, '카드', '');
INSERT INTO sales (id, date, customer_id, total_amount, used_mileage, discount_type, discount_value, payment_method, memo) VALUES (25, '2025-06-28', 87, 240000, 0, NULL, 0, '카드', '');
INSERT INTO sales (id, date, customer_id, total_amount, used_mileage, discount_type, discount_value, payment_method, memo) VALUES (26, '2026-01-09', 67, 192000, 0, NULL, 0, '카드', '');
INSERT INTO sales (id, date, customer_id, total_amount, used_mileage, discount_type, discount_value, payment_method, memo) VALUES (27, '2025-09-15', 23, 257000, 0, NULL, 0, '카드', '');
INSERT INTO sales (id, date, customer_id, total_amount, used_mileage, discount_type, discount_value, payment_method, memo) VALUES (28, '2026-02-10', 96, 126000, 0, NULL, 0, '카드', '');
INSERT INTO sales (id, date, customer_id, total_amount, used_mileage, discount_type, discount_value, payment_method, memo) VALUES (29, '2026-06-26', 6, 215000, 0, NULL, 0, '카드', '');
INSERT INTO sales (id, date, customer_id, total_amount, used_mileage, discount_type, discount_value, payment_method, memo) VALUES (30, '2025-06-11', 64, 185000, 0, NULL, 0, '카드', '');
INSERT INTO sales (id, date, customer_id, total_amount, used_mileage, discount_type, discount_value, payment_method, memo) VALUES (31, '2026-09-04', 75, 42000, 0, NULL, 0, '카드', '');
INSERT INTO sales (id, date, customer_id, total_amount, used_mileage, discount_type, discount_value, payment_method, memo) VALUES (32, '2026-07-23', 58, 120000, 0, NULL, 0, '카드', '');
INSERT INTO sales (id, date, customer_id, total_amount, used_mileage, discount_type, discount_value, payment_method, memo) VALUES (33, '2025-11-25', 36, 410000, 0, NULL, 0, '카드', '');
INSERT INTO sales (id, date, customer_id, total_amount, used_mileage, discount_type, discount_value, payment_method, memo) VALUES (34, '2026-03-12', 81, 77000, 0, NULL, 0, '카드', '');
INSERT INTO sales (id, date, customer_id, total_amount, used_mileage, discount_type, discount_value, payment_method, memo) VALUES (35, '2026-08-18', 90, 70000, 0, NULL, 0, '카드', '');
INSERT INTO sales (id, date, customer_id, total_amount, used_mileage, discount_type, discount_value, payment_method, memo) VALUES (36, '2025-03-15', 56, 320000, 0, NULL, 0, '카드', '');
INSERT INTO sales (id, date, customer_id, total_amount, used_mileage, discount_type, discount_value, payment_method, memo) VALUES (37, '2026-03-05', 92, 130000, 0, NULL, 0, '카드', '');
INSERT INTO sales (id, date, customer_id, total_amount, used_mileage, discount_type, discount_value, payment_method, memo) VALUES (38, '2025-10-02', 69, 150000, 0, NULL, 0, '카드', '');
INSERT INTO sales (id, date, customer_id, total_amount, used_mileage, discount_type, discount_value, payment_method, memo) VALUES (39, '2026-12-19', 40, 196000, 0, NULL, 0, '카드', '');
INSERT INTO sales (id, date, customer_id, total_amount, used_mileage, discount_type, discount_value, payment_method, memo) VALUES (40, '2026-05-11', 23, 155000, 0, NULL, 0, '카드', '');
INSERT INTO sales (id, date, customer_id, total_amount, used_mileage, discount_type, discount_value, payment_method, memo) VALUES (41, '2026-02-15', 48, 240000, 0, NULL, 0, '카드', '');
INSERT INTO sales (id, date, customer_id, total_amount, used_mileage, discount_type, discount_value, payment_method, memo) VALUES (42, '2025-09-21', 16, 126000, 0, NULL, 0, '카드', '');
INSERT INTO sales (id, date, customer_id, total_amount, used_mileage, discount_type, discount_value, payment_method, memo) VALUES (43, '2026-05-27', 26, 65000, 0, NULL, 0, '카드', '');
INSERT INTO sales (id, date, customer_id, total_amount, used_mileage, discount_type, discount_value, payment_method, memo) VALUES (44, '2025-04-20', 12, 367000, 0, NULL, 0, '카드', '');
INSERT INTO sales (id, date, customer_id, total_amount, used_mileage, discount_type, discount_value, payment_method, memo) VALUES (45, '2026-11-02', 67, 265000, 0, NULL, 0, '카드', '');
INSERT INTO sales (id, date, customer_id, total_amount, used_mileage, discount_type, discount_value, payment_method, memo) VALUES (46, '2025-11-09', 99, 360000, 0, NULL, 0, '카드', '');
INSERT INTO sales (id, date, customer_id, total_amount, used_mileage, discount_type, discount_value, payment_method, memo) VALUES (47, '2026-07-07', 60, 107000, 0, NULL, 0, '카드', '');
INSERT INTO sales (id, date, customer_id, total_amount, used_mileage, discount_type, discount_value, payment_method, memo) VALUES (48, '2026-01-04', 60, 370000, 0, NULL, 0, '카드', '');
INSERT INTO sales (id, date, customer_id, total_amount, used_mileage, discount_type, discount_value, payment_method, memo) VALUES (49, '2026-04-24', 90, 212000, 0, NULL, 0, '카드', '');
INSERT INTO sales (id, date, customer_id, total_amount, used_mileage, discount_type, discount_value, payment_method, memo) VALUES (50, '2026-11-03', 52, 120000, 0, NULL, 0, '카드', '');
INSERT INTO sales (id, date, customer_id, total_amount, used_mileage, discount_type, discount_value, payment_method, memo) VALUES (51, '2025-03-03', 16, 70000, 0, NULL, 0, '카드', '');
INSERT INTO sales (id, date, customer_id, total_amount, used_mileage, discount_type, discount_value, payment_method, memo) VALUES (52, '2025-01-13', 41, 77000, 0, NULL, 0, '카드', '');
INSERT INTO sales (id, date, customer_id, total_amount, used_mileage, discount_type, discount_value, payment_method, memo) VALUES (53, '2026-03-09', 95, 85000, 0, NULL, 0, '카드', '');
INSERT INTO sales (id, date, customer_id, total_amount, used_mileage, discount_type, discount_value, payment_method, memo) VALUES (54, '2026-06-09', 82, 135000, 0, NULL, 0, '카드', '');
INSERT INTO sales (id, date, customer_id, total_amount, used_mileage, discount_type, discount_value, payment_method, memo) VALUES (55, '2025-05-23', 20, 260000, 0, NULL, 0, '카드', '');
INSERT INTO sales (id, date, customer_id, total_amount, used_mileage, discount_type, discount_value, payment_method, memo) VALUES (56, '2026-12-02', 40, 410000, 0, NULL, 0, '카드', '');
INSERT INTO sales (id, date, customer_id, total_amount, used_mileage, discount_type, discount_value, payment_method, memo) VALUES (57, '2025-08-03', 62, 168000, 0, NULL, 0, '카드', '');
INSERT INTO sales (id, date, customer_id, total_amount, used_mileage, discount_type, discount_value, payment_method, memo) VALUES (58, '2026-07-16', 81, 70000, 0, NULL, 0, '카드', '');
INSERT INTO sales (id, date, customer_id, total_amount, used_mileage, discount_type, discount_value, payment_method, memo) VALUES (59, '2025-09-11', 41, 239000, 0, NULL, 0, '카드', '');
INSERT INTO sales (id, date, customer_id, total_amount, used_mileage, discount_type, discount_value, payment_method, memo) VALUES (60, '2025-04-16', 83, 240000, 0, NULL, 0, '카드', '');
INSERT INTO sales (id, date, customer_id, total_amount, used_mileage, discount_type, discount_value, payment_method, memo) VALUES (61, '2025-11-17', 63, 255000, 0, NULL, 0, '카드', '');
INSERT INTO sales (id, date, customer_id, total_amount, used_mileage, discount_type, discount_value, payment_method, memo) VALUES (62, '2026-10-08', 88, 170000, 0, NULL, 0, '카드', '');
INSERT INTO sales (id, date, customer_id, total_amount, used_mileage, discount_type, discount_value, payment_method, memo) VALUES (63, '2026-10-02', 66, 161000, 0, NULL, 0, '카드', '');
INSERT INTO sales (id, date, customer_id, total_amount, used_mileage, discount_type, discount_value, payment_method, memo) VALUES (64, '2026-12-28', 89, 445000, 0, NULL, 0, '카드', '');
INSERT INTO sales (id, date, customer_id, total_amount, used_mileage, discount_type, discount_value, payment_method, memo) VALUES (65, '2026-11-08', 48, 70000, 0, NULL, 0, '카드', '');
INSERT INTO sales (id, date, customer_id, total_amount, used_mileage, discount_type, discount_value, payment_method, memo) VALUES (66, '2025-01-27', 80, 84000, 0, NULL, 0, '카드', '');
INSERT INTO sales (id, date, customer_id, total_amount, used_mileage, discount_type, discount_value, payment_method, memo) VALUES (67, '2025-07-18', 58, 65000, 0, NULL, 0, '카드', '');
INSERT INTO sales (id, date, customer_id, total_amount, used_mileage, discount_type, discount_value, payment_method, memo) VALUES (68, '2026-12-23', 95, 256000, 0, NULL, 0, '카드', '');
INSERT INTO sales (id, date, customer_id, total_amount, used_mileage, discount_type, discount_value, payment_method, memo) VALUES (69, '2025-06-11', 52, 425000, 0, NULL, 0, '카드', '');
INSERT INTO sales (id, date, customer_id, total_amount, used_mileage, discount_type, discount_value, payment_method, memo) VALUES (70, '2026-12-18', 3, 510000, 0, NULL, 0, '카드', '');
INSERT INTO sales (id, date, customer_id, total_amount, used_mileage, discount_type, discount_value, payment_method, memo) VALUES (71, '2025-07-06', 43, 142000, 0, NULL, 0, '카드', '');
INSERT INTO sales (id, date, customer_id, total_amount, used_mileage, discount_type, discount_value, payment_method, memo) VALUES (72, '2025-11-23', 48, 240000, 0, NULL, 0, '카드', '');
INSERT INTO sales (id, date, customer_id, total_amount, used_mileage, discount_type, discount_value, payment_method, memo) VALUES (73, '2025-01-20', 22, 42000, 0, NULL, 0, '카드', '');
INSERT INTO sales (id, date, customer_id, total_amount, used_mileage, discount_type, discount_value, payment_method, memo) VALUES (74, '2025-05-24', 61, 305000, 0, NULL, 0, '카드', '');
INSERT INTO sales (id, date, customer_id, total_amount, used_mileage, discount_type, discount_value, payment_method, memo) VALUES (75, '2026-03-23', 71, 340000, 0, NULL, 0, '카드', '');
INSERT INTO sales (id, date, customer_id, total_amount, used_mileage, discount_type, discount_value, payment_method, memo) VALUES (76, '2026-06-11', 2, 170000, 0, NULL, 0, '카드', '');
INSERT INTO sales (id, date, customer_id, total_amount, used_mileage, discount_type, discount_value, payment_method, memo) VALUES (77, '2026-12-08', 11, 250000, 0, NULL, 0, '카드', '');
INSERT INTO sales (id, date, customer_id, total_amount, used_mileage, discount_type, discount_value, payment_method, memo) VALUES (78, '2026-08-12', 78, 84000, 0, NULL, 0, '카드', '');
INSERT INTO sales (id, date, customer_id, total_amount, used_mileage, discount_type, discount_value, payment_method, memo) VALUES (79, '2026-06-11', 100, 119000, 0, NULL, 0, '카드', '');
INSERT INTO sales (id, date, customer_id, total_amount, used_mileage, discount_type, discount_value, payment_method, memo) VALUES (80, '2025-01-22', 95, 282000, 0, NULL, 0, '카드', '');
INSERT INTO sales (id, date, customer_id, total_amount, used_mileage, discount_type, discount_value, payment_method, memo) VALUES (81, '2025-08-13', 71, 410000, 0, NULL, 0, '카드', '');
INSERT INTO sales (id, date, customer_id, total_amount, used_mileage, discount_type, discount_value, payment_method, memo) VALUES (82, '2025-04-06', 15, 253000, 0, NULL, 0, '카드', '');
INSERT INTO sales (id, date, customer_id, total_amount, used_mileage, discount_type, discount_value, payment_method, memo) VALUES (83, '2025-05-16', 30, 270000, 0, NULL, 0, '카드', '');
INSERT INTO sales (id, date, customer_id, total_amount, used_mileage, discount_type, discount_value, payment_method, memo) VALUES (84, '2025-10-13', 56, 170000, 0, NULL, 0, '카드', '');
INSERT INTO sales (id, date, customer_id, total_amount, used_mileage, discount_type, discount_value, payment_method, memo) VALUES (85, '2025-04-02', 27, 65000, 0, NULL, 0, '카드', '');
INSERT INTO sales (id, date, customer_id, total_amount, used_mileage, discount_type, discount_value, payment_method, memo) VALUES (86, '2026-10-09', 98, 610000, 0, NULL, 0, '카드', '');
INSERT INTO sales (id, date, customer_id, total_amount, used_mileage, discount_type, discount_value, payment_method, memo) VALUES (87, '2026-04-15', 17, 239000, 0, NULL, 0, '카드', '');
INSERT INTO sales (id, date, customer_id, total_amount, used_mileage, discount_type, discount_value, payment_method, memo) VALUES (88, '2026-08-10', 84, 65000, 0, NULL, 0, '카드', '');
INSERT INTO sales (id, date, customer_id, total_amount, used_mileage, discount_type, discount_value, payment_method, memo) VALUES (89, '2025-06-08', 91, 324000, 0, NULL, 0, '카드', '');
INSERT INTO sales (id, date, customer_id, total_amount, used_mileage, discount_type, discount_value, payment_method, memo) VALUES (90, '2026-04-28', 44, 515000, 0, NULL, 0, '카드', '');
INSERT INTO sales (id, date, customer_id, total_amount, used_mileage, discount_type, discount_value, payment_method, memo) VALUES (91, '2025-02-02', 10, 290000, 0, NULL, 0, '카드', '');
INSERT INTO sales (id, date, customer_id, total_amount, used_mileage, discount_type, discount_value, payment_method, memo) VALUES (92, '2026-01-09', 51, 299000, 0, NULL, 0, '카드', '');
INSERT INTO sales (id, date, customer_id, total_amount, used_mileage, discount_type, discount_value, payment_method, memo) VALUES (93, '2026-07-07', 32, 120000, 0, NULL, 0, '카드', '');
INSERT INTO sales (id, date, customer_id, total_amount, used_mileage, discount_type, discount_value, payment_method, memo) VALUES (94, '2026-02-26', 20, 120000, 0, NULL, 0, '카드', '');
INSERT INTO sales (id, date, customer_id, total_amount, used_mileage, discount_type, discount_value, payment_method, memo) VALUES (95, '2026-05-11', 53, 84000, 0, NULL, 0, '카드', '');
INSERT INTO sales (id, date, customer_id, total_amount, used_mileage, discount_type, discount_value, payment_method, memo) VALUES (96, '2025-04-16', 87, 65000, 0, NULL, 0, '카드', '');
INSERT INTO sales (id, date, customer_id, total_amount, used_mileage, discount_type, discount_value, payment_method, memo) VALUES (97, '2026-12-17', 78, 130000, 0, NULL, 0, '카드', '');
INSERT INTO sales (id, date, customer_id, total_amount, used_mileage, discount_type, discount_value, payment_method, memo) VALUES (98, '2025-06-18', 60, 196000, 0, NULL, 0, '카드', '');
INSERT INTO sales (id, date, customer_id, total_amount, used_mileage, discount_type, discount_value, payment_method, memo) VALUES (99, '2025-10-14', 39, 410000, 0, NULL, 0, '카드', '');
INSERT INTO sales (id, date, customer_id, total_amount, used_mileage, discount_type, discount_value, payment_method, memo) VALUES (100, '2026-02-19', 87, 35000, 0, NULL, 0, '카드', '');
INSERT INTO sales (id, date, customer_id, total_amount, used_mileage, discount_type, discount_value, payment_method, memo) VALUES (101, '2025-03-05', 70, 107000, 0, NULL, 0, '카드', '');
INSERT INTO sales (id, date, customer_id, total_amount, used_mileage, discount_type, discount_value, payment_method, memo) VALUES (102, '2025-06-06', 20, 130000, 0, NULL, 0, '카드', '');
INSERT INTO sales (id, date, customer_id, total_amount, used_mileage, discount_type, discount_value, payment_method, memo) VALUES (103, '2025-04-10', 61, 480000, 0, NULL, 0, '카드', '');
INSERT INTO sales (id, date, customer_id, total_amount, used_mileage, discount_type, discount_value, payment_method, memo) VALUES (104, '2025-01-25', 87, 325000, 0, NULL, 0, '카드', '');
INSERT INTO sales (id, date, customer_id, total_amount, used_mileage, discount_type, discount_value, payment_method, memo) VALUES (105, '2025-10-28', 79, 249000, 0, NULL, 0, '카드', '');
INSERT INTO sales (id, date, customer_id, total_amount, used_mileage, discount_type, discount_value, payment_method, memo) VALUES (106, '2026-11-13', 6, 162000, 0, NULL, 0, '카드', '');
INSERT INTO sales (id, date, customer_id, total_amount, used_mileage, discount_type, discount_value, payment_method, memo) VALUES (107, '2025-06-07', 89, 195000, 0, NULL, 0, '카드', '');
INSERT INTO sales (id, date, customer_id, total_amount, used_mileage, discount_type, discount_value, payment_method, memo) VALUES (108, '2026-05-04', 95, 155000, 0, NULL, 0, '카드', '');
INSERT INTO sales (id, date, customer_id, total_amount, used_mileage, discount_type, discount_value, payment_method, memo) VALUES (109, '2025-08-25', 23, 169000, 0, NULL, 0, '카드', '');
INSERT INTO sales (id, date, customer_id, total_amount, used_mileage, discount_type, discount_value, payment_method, memo) VALUES (110, '2025-03-17', 92, 475000, 0, NULL, 0, '카드', '');
INSERT INTO sales (id, date, customer_id, total_amount, used_mileage, discount_type, discount_value, payment_method, memo) VALUES (111, '2026-11-27', 16, 84000, 0, NULL, 0, '카드', '');
INSERT INTO sales (id, date, customer_id, total_amount, used_mileage, discount_type, discount_value, payment_method, memo) VALUES (112, '2025-06-27', 10, 70000, 0, NULL, 0, '카드', '');
INSERT INTO sales (id, date, customer_id, total_amount, used_mileage, discount_type, discount_value, payment_method, memo) VALUES (113, '2026-08-21', 79, 324000, 0, NULL, 0, '카드', '');
INSERT INTO sales (id, date, customer_id, total_amount, used_mileage, discount_type, discount_value, payment_method, memo) VALUES (114, '2025-09-01', 76, 480000, 0, NULL, 0, '카드', '');
INSERT INTO sales (id, date, customer_id, total_amount, used_mileage, discount_type, discount_value, payment_method, memo) VALUES (115, '2025-06-08', 57, 162000, 0, NULL, 0, '카드', '');
INSERT INTO sales (id, date, customer_id, total_amount, used_mileage, discount_type, discount_value, payment_method, memo) VALUES (116, '2025-11-23', 96, 65000, 0, NULL, 0, '카드', '');
INSERT INTO sales (id, date, customer_id, total_amount, used_mileage, discount_type, discount_value, payment_method, memo) VALUES (117, '2026-02-01', 83, 130000, 0, NULL, 0, '카드', '');
INSERT INTO sales (id, date, customer_id, total_amount, used_mileage, discount_type, discount_value, payment_method, memo) VALUES (118, '2025-08-14', 89, 360000, 0, NULL, 0, '카드', '');
INSERT INTO sales (id, date, customer_id, total_amount, used_mileage, discount_type, discount_value, payment_method, memo) VALUES (119, '2025-05-16', 48, 275000, 0, NULL, 0, '카드', '');
INSERT INTO sales (id, date, customer_id, total_amount, used_mileage, discount_type, discount_value, payment_method, memo) VALUES (120, '2025-05-14', 23, 190000, 0, NULL, 0, '카드', '');
INSERT INTO sales (id, date, customer_id, total_amount, used_mileage, discount_type, discount_value, payment_method, memo) VALUES (121, '2026-05-10', 36, 285000, 0, NULL, 0, '카드', '');
INSERT INTO sales (id, date, customer_id, total_amount, used_mileage, discount_type, discount_value, payment_method, memo) VALUES (122, '2026-10-06', 87, 324000, 0, NULL, 0, '카드', '');
INSERT INTO sales (id, date, customer_id, total_amount, used_mileage, discount_type, discount_value, payment_method, memo) VALUES (123, '2026-01-16', 37, 296000, 0, NULL, 0, '카드', '');
INSERT INTO sales (id, date, customer_id, total_amount, used_mileage, discount_type, discount_value, payment_method, memo) VALUES (124, '2026-08-04', 3, 412000, 0, NULL, 0, '카드', '');
INSERT INTO sales (id, date, customer_id, total_amount, used_mileage, discount_type, discount_value, payment_method, memo) VALUES (125, '2026-02-04', 6, 240000, 0, NULL, 0, '카드', '');
INSERT INTO sales (id, date, customer_id, total_amount, used_mileage, discount_type, discount_value, payment_method, memo) VALUES (126, '2025-01-10', 52, 155000, 0, NULL, 0, '카드', '');
INSERT INTO sales (id, date, customer_id, total_amount, used_mileage, discount_type, discount_value, payment_method, memo) VALUES (127, '2026-10-27', 23, 85000, 0, NULL, 0, '카드', '');
INSERT INTO sales (id, date, customer_id, total_amount, used_mileage, discount_type, discount_value, payment_method, memo) VALUES (128, '2025-12-26', 48, 410000, 0, NULL, 0, '카드', '');
INSERT INTO sales (id, date, customer_id, total_amount, used_mileage, discount_type, discount_value, payment_method, memo) VALUES (129, '2026-10-03', 39, 290000, 0, NULL, 0, '카드', '');
INSERT INTO sales (id, date, customer_id, total_amount, used_mileage, discount_type, discount_value, payment_method, memo) VALUES (130, '2025-10-02', 79, 120000, 0, NULL, 0, '카드', '');
INSERT INTO sales (id, date, customer_id, total_amount, used_mileage, discount_type, discount_value, payment_method, memo) VALUES (131, '2025-11-21', 7, 130000, 0, NULL, 0, '카드', '');
INSERT INTO sales (id, date, customer_id, total_amount, used_mileage, discount_type, discount_value, payment_method, memo) VALUES (132, '2025-09-21', 76, 42000, 0, NULL, 0, '카드', '');
INSERT INTO sales (id, date, customer_id, total_amount, used_mileage, discount_type, discount_value, payment_method, memo) VALUES (133, '2025-06-17', 5, 84000, 0, NULL, 0, '카드', '');
INSERT INTO sales (id, date, customer_id, total_amount, used_mileage, discount_type, discount_value, payment_method, memo) VALUES (134, '2025-07-07', 66, 565000, 0, NULL, 0, '카드', '');
INSERT INTO sales (id, date, customer_id, total_amount, used_mileage, discount_type, discount_value, payment_method, memo) VALUES (135, '2025-02-01', 23, 240000, 0, NULL, 0, '카드', '');
INSERT INTO sales (id, date, customer_id, total_amount, used_mileage, discount_type, discount_value, payment_method, memo) VALUES (136, '2025-02-06', 48, 254000, 0, NULL, 0, '카드', '');
INSERT INTO sales (id, date, customer_id, total_amount, used_mileage, discount_type, discount_value, payment_method, memo) VALUES (137, '2025-05-27', 28, 274000, 0, NULL, 0, '카드', '');
INSERT INTO sales (id, date, customer_id, total_amount, used_mileage, discount_type, discount_value, payment_method, memo) VALUES (138, '2025-12-08', 42, 85000, 0, NULL, 0, '카드', '');
INSERT INTO sales (id, date, customer_id, total_amount, used_mileage, discount_type, discount_value, payment_method, memo) VALUES (139, '2026-03-21', 36, 254000, 0, NULL, 0, '카드', '');
INSERT INTO sales (id, date, customer_id, total_amount, used_mileage, discount_type, discount_value, payment_method, memo) VALUES (140, '2026-03-21', 57, 112000, 0, NULL, 0, '카드', '');
INSERT INTO sales (id, date, customer_id, total_amount, used_mileage, discount_type, discount_value, payment_method, memo) VALUES (141, '2025-03-09', 20, 444000, 0, NULL, 0, '카드', '');
INSERT INTO sales (id, date, customer_id, total_amount, used_mileage, discount_type, discount_value, payment_method, memo) VALUES (142, '2026-09-16', 5, 42000, 0, NULL, 0, '카드', '');
INSERT INTO sales (id, date, customer_id, total_amount, used_mileage, discount_type, discount_value, payment_method, memo) VALUES (143, '2025-01-24', 99, 135000, 0, NULL, 0, '카드', '');
INSERT INTO sales (id, date, customer_id, total_amount, used_mileage, discount_type, discount_value, payment_method, memo) VALUES (144, '2026-02-12', 82, 35000, 0, NULL, 0, '카드', '');
INSERT INTO sales (id, date, customer_id, total_amount, used_mileage, discount_type, discount_value, payment_method, memo) VALUES (145, '2025-07-28', 66, 195000, 0, NULL, 0, '카드', '');
INSERT INTO sales (id, date, customer_id, total_amount, used_mileage, discount_type, discount_value, payment_method, memo) VALUES (146, '2026-11-03', 9, 112000, 0, NULL, 0, '카드', '');
INSERT INTO sales (id, date, customer_id, total_amount, used_mileage, discount_type, discount_value, payment_method, memo) VALUES (147, '2026-10-24', 48, 170000, 0, NULL, 0, '카드', '');
INSERT INTO sales (id, date, customer_id, total_amount, used_mileage, discount_type, discount_value, payment_method, memo) VALUES (148, '2025-12-24', 94, 580000, 0, NULL, 0, '카드', '');
INSERT INTO sales (id, date, customer_id, total_amount, used_mileage, discount_type, discount_value, payment_method, memo) VALUES (149, '2025-08-22', 76, 247000, 0, NULL, 0, '카드', '');
INSERT INTO sales (id, date, customer_id, total_amount, used_mileage, discount_type, discount_value, payment_method, memo) VALUES (150, '2025-12-03', 59, 204000, 0, NULL, 0, '카드', '');
INSERT INTO sales (id, date, customer_id, total_amount, used_mileage, discount_type, discount_value, payment_method, memo) VALUES (151, '2026-10-25', 11, 65000, 0, NULL, 0, '카드', '');
INSERT INTO sales (id, date, customer_id, total_amount, used_mileage, discount_type, discount_value, payment_method, memo) VALUES (152, '2025-02-09', 96, 84000, 0, NULL, 0, '카드', '');
INSERT INTO sales (id, date, customer_id, total_amount, used_mileage, discount_type, discount_value, payment_method, memo) VALUES (153, '2026-07-12', 85, 205000, 0, NULL, 0, '카드', '');
INSERT INTO sales (id, date, customer_id, total_amount, used_mileage, discount_type, discount_value, payment_method, memo) VALUES (154, '2025-04-23', 24, 35000, 0, NULL, 0, '카드', '');
INSERT INTO sales (id, date, customer_id, total_amount, used_mileage, discount_type, discount_value, payment_method, memo) VALUES (155, '2026-01-28', 90, 130000, 0, NULL, 0, '카드', '');
INSERT INTO sales (id, date, customer_id, total_amount, used_mileage, discount_type, discount_value, payment_method, memo) VALUES (156, '2026-07-24', 68, 292000, 0, NULL, 0, '카드', '');
INSERT INTO sales (id, date, customer_id, total_amount, used_mileage, discount_type, discount_value, payment_method, memo) VALUES (157, '2025-11-02', 94, 162000, 0, NULL, 0, '카드', '');
INSERT INTO sales (id, date, customer_id, total_amount, used_mileage, discount_type, discount_value, payment_method, memo) VALUES (158, '2026-11-14', 17, 235000, 0, NULL, 0, '카드', '');
INSERT INTO sales (id, date, customer_id, total_amount, used_mileage, discount_type, discount_value, payment_method, memo) VALUES (159, '2025-04-03', 77, 190000, 0, NULL, 0, '카드', '');
INSERT INTO sales (id, date, customer_id, total_amount, used_mileage, discount_type, discount_value, payment_method, memo) VALUES (160, '2025-01-06', 14, 42000, 0, NULL, 0, '카드', '');
INSERT INTO sales (id, date, customer_id, total_amount, used_mileage, discount_type, discount_value, payment_method, memo) VALUES (161, '2025-01-04', 91, 289000, 0, NULL, 0, '카드', '');
INSERT INTO sales (id, date, customer_id, total_amount, used_mileage, discount_type, discount_value, payment_method, memo) VALUES (162, '2026-11-06', 11, 120000, 0, NULL, 0, '카드', '');
INSERT INTO sales (id, date, customer_id, total_amount, used_mileage, discount_type, discount_value, payment_method, memo) VALUES (163, '2026-03-12', 23, 130000, 0, NULL, 0, '카드', '');
INSERT INTO sales (id, date, customer_id, total_amount, used_mileage, discount_type, discount_value, payment_method, memo) VALUES (164, '2026-06-16', 16, 240000, 0, NULL, 0, '카드', '');
INSERT INTO sales (id, date, customer_id, total_amount, used_mileage, discount_type, discount_value, payment_method, memo) VALUES (165, '2026-02-01', 4, 42000, 0, NULL, 0, '카드', '');
INSERT INTO sales (id, date, customer_id, total_amount, used_mileage, discount_type, discount_value, payment_method, memo) VALUES (166, '2026-07-19', 5, 190000, 0, NULL, 0, '카드', '');
INSERT INTO sales (id, date, customer_id, total_amount, used_mileage, discount_type, discount_value, payment_method, memo) VALUES (167, '2025-07-20', 87, 240000, 0, NULL, 0, '카드', '');
INSERT INTO sales (id, date, customer_id, total_amount, used_mileage, discount_type, discount_value, payment_method, memo) VALUES (168, '2026-07-02', 80, 204000, 0, NULL, 0, '카드', '');
INSERT INTO sales (id, date, customer_id, total_amount, used_mileage, discount_type, discount_value, payment_method, memo) VALUES (169, '2026-09-16', 20, 240000, 0, NULL, 0, '카드', '');
INSERT INTO sales (id, date, customer_id, total_amount, used_mileage, discount_type, discount_value, payment_method, memo) VALUES (170, '2025-05-13', 45, 240000, 0, NULL, 0, '카드', '');
INSERT INTO sales (id, date, customer_id, total_amount, used_mileage, discount_type, discount_value, payment_method, memo) VALUES (171, '2025-06-28', 87, 212000, 0, NULL, 0, '카드', '');
INSERT INTO sales (id, date, customer_id, total_amount, used_mileage, discount_type, discount_value, payment_method, memo) VALUES (172, '2025-07-25', 61, 170000, 0, NULL, 0, '카드', '');
INSERT INTO sales (id, date, customer_id, total_amount, used_mileage, discount_type, discount_value, payment_method, memo) VALUES (173, '2025-04-17', 59, 410000, 0, NULL, 0, '카드', '');
INSERT INTO sales (id, date, customer_id, total_amount, used_mileage, discount_type, discount_value, payment_method, memo) VALUES (174, '2025-11-15', 50, 119000, 0, NULL, 0, '카드', '');
INSERT INTO sales (id, date, customer_id, total_amount, used_mileage, discount_type, discount_value, payment_method, memo) VALUES (175, '2026-02-22', 25, 310000, 0, NULL, 0, '카드', '');
INSERT INTO sales (id, date, customer_id, total_amount, used_mileage, discount_type, discount_value, payment_method, memo) VALUES (176, '2025-12-21', 41, 42000, 0, NULL, 0, '카드', '');
INSERT INTO sales (id, date, customer_id, total_amount, used_mileage, discount_type, discount_value, payment_method, memo) VALUES (177, '2026-03-26', 64, 205000, 0, NULL, 0, '카드', '');
INSERT INTO sales (id, date, customer_id, total_amount, used_mileage, discount_type, discount_value, payment_method, memo) VALUES (178, '2026-09-14', 48, 84000, 0, NULL, 0, '카드', '');
INSERT INTO sales (id, date, customer_id, total_amount, used_mileage, discount_type, discount_value, payment_method, memo) VALUES (179, '2026-01-26', 83, 455000, 0, NULL, 0, '카드', '');
INSERT INTO sales (id, date, customer_id, total_amount, used_mileage, discount_type, discount_value, payment_method, memo) VALUES (180, '2025-02-02', 10, 120000, 0, NULL, 0, '카드', '');
INSERT INTO sales (id, date, customer_id, total_amount, used_mileage, discount_type, discount_value, payment_method, memo) VALUES (181, '2026-04-18', 41, 154000, 0, NULL, 0, '카드', '');
INSERT INTO sales (id, date, customer_id, total_amount, used_mileage, discount_type, discount_value, payment_method, memo) VALUES (182, '2025-10-16', 13, 65000, 0, NULL, 0, '카드', '');
INSERT INTO sales (id, date, customer_id, total_amount, used_mileage, discount_type, discount_value, payment_method, memo) VALUES (183, '2025-11-08', 96, 282000, 0, NULL, 0, '카드', '');
INSERT INTO sales (id, date, customer_id, total_amount, used_mileage, discount_type, discount_value, payment_method, memo) VALUES (184, '2025-01-07', 7, 35000, 0, NULL, 0, '카드', '');
INSERT INTO sales (id, date, customer_id, total_amount, used_mileage, discount_type, discount_value, payment_method, memo) VALUES (185, '2026-09-27', 47, 296000, 0, NULL, 0, '카드', '');
INSERT INTO sales (id, date, customer_id, total_amount, used_mileage, discount_type, discount_value, payment_method, memo) VALUES (186, '2025-08-12', 17, 165000, 0, NULL, 0, '카드', '');
INSERT INTO sales (id, date, customer_id, total_amount, used_mileage, discount_type, discount_value, payment_method, memo) VALUES (187, '2025-06-12', 16, 130000, 0, NULL, 0, '카드', '');
INSERT INTO sales (id, date, customer_id, total_amount, used_mileage, discount_type, discount_value, payment_method, memo) VALUES (188, '2026-10-07', 81, 127000, 0, NULL, 0, '카드', '');
INSERT INTO sales (id, date, customer_id, total_amount, used_mileage, discount_type, discount_value, payment_method, memo) VALUES (189, '2025-12-11', 2, 70000, 0, NULL, 0, '카드', '');
INSERT INTO sales (id, date, customer_id, total_amount, used_mileage, discount_type, discount_value, payment_method, memo) VALUES (190, '2025-05-15', 70, 85000, 0, NULL, 0, '카드', '');
INSERT INTO sales (id, date, customer_id, total_amount, used_mileage, discount_type, discount_value, payment_method, memo) VALUES (191, '2026-09-21', 36, 410000, 0, NULL, 0, '카드', '');
INSERT INTO sales (id, date, customer_id, total_amount, used_mileage, discount_type, discount_value, payment_method, memo) VALUES (192, '2026-07-03', 67, 235000, 0, NULL, 0, '카드', '');
INSERT INTO sales (id, date, customer_id, total_amount, used_mileage, discount_type, discount_value, payment_method, memo) VALUES (193, '2025-02-09', 1, 170000, 0, NULL, 0, '카드', '');
INSERT INTO sales (id, date, customer_id, total_amount, used_mileage, discount_type, discount_value, payment_method, memo) VALUES (194, '2026-03-23', 7, 70000, 0, NULL, 0, '카드', '');
INSERT INTO sales (id, date, customer_id, total_amount, used_mileage, discount_type, discount_value, payment_method, memo) VALUES (195, '2026-09-06', 33, 212000, 0, NULL, 0, '카드', '');
INSERT INTO sales (id, date, customer_id, total_amount, used_mileage, discount_type, discount_value, payment_method, memo) VALUES (196, '2025-06-04', 68, 235000, 0, NULL, 0, '카드', '');
INSERT INTO sales (id, date, customer_id, total_amount, used_mileage, discount_type, discount_value, payment_method, memo) VALUES (197, '2025-12-04', 39, 240000, 0, NULL, 0, '카드', '');
INSERT INTO sales (id, date, customer_id, total_amount, used_mileage, discount_type, discount_value, payment_method, memo) VALUES (198, '2026-10-03', 5, 255000, 0, NULL, 0, '카드', '');
INSERT INTO sales (id, date, customer_id, total_amount, used_mileage, discount_type, discount_value, payment_method, memo) VALUES (199, '2026-03-10', 89, 172000, 0, NULL, 0, '카드', '');
INSERT INTO sales (id, date, customer_id, total_amount, used_mileage, discount_type, discount_value, payment_method, memo) VALUES (200, '2025-03-17', 1, 257000, 0, NULL, 0, '카드', '');
INSERT INTO sales (id, date, customer_id, total_amount, used_mileage, discount_type, discount_value, payment_method, memo) VALUES (201, '2026-11-08', 29, 195000, 0, NULL, 0, '카드', '');
INSERT INTO sales (id, date, customer_id, total_amount, used_mileage, discount_type, discount_value, payment_method, memo) VALUES (202, '2025-03-14', 64, 70000, 0, NULL, 0, '카드', '');
INSERT INTO sales (id, date, customer_id, total_amount, used_mileage, discount_type, discount_value, payment_method, memo) VALUES (203, '2026-11-21', 20, 242000, 0, NULL, 0, '카드', '');
INSERT INTO sales (id, date, customer_id, total_amount, used_mileage, discount_type, discount_value, payment_method, memo) VALUES (204, '2026-02-18', 81, 305000, 0, NULL, 0, '카드', '');
INSERT INTO sales (id, date, customer_id, total_amount, used_mileage, discount_type, discount_value, payment_method, memo) VALUES (205, '2026-02-21', 16, 282000, 0, NULL, 0, '카드', '');
INSERT INTO sales (id, date, customer_id, total_amount, used_mileage, discount_type, discount_value, payment_method, memo) VALUES (206, '2025-10-26', 68, 105000, 0, NULL, 0, '카드', '');
INSERT INTO sales (id, date, customer_id, total_amount, used_mileage, discount_type, discount_value, payment_method, memo) VALUES (207, '2026-09-12', 67, 120000, 0, NULL, 0, '카드', '');
INSERT INTO sales (id, date, customer_id, total_amount, used_mileage, discount_type, discount_value, payment_method, memo) VALUES (208, '2025-05-06', 67, 475000, 0, NULL, 0, '카드', '');
INSERT INTO sales (id, date, customer_id, total_amount, used_mileage, discount_type, discount_value, payment_method, memo) VALUES (209, '2026-07-12', 46, 305000, 0, NULL, 0, '카드', '');
INSERT INTO sales (id, date, customer_id, total_amount, used_mileage, discount_type, discount_value, payment_method, memo) VALUES (210, '2026-07-10', 46, 70000, 0, NULL, 0, '카드', '');
INSERT INTO sales (id, date, customer_id, total_amount, used_mileage, discount_type, discount_value, payment_method, memo) VALUES (211, '2026-08-22', 65, 255000, 0, NULL, 0, '카드', '');
INSERT INTO sales (id, date, customer_id, total_amount, used_mileage, discount_type, discount_value, payment_method, memo) VALUES (212, '2025-05-15', 79, 177000, 0, NULL, 0, '카드', '');
INSERT INTO sales (id, date, customer_id, total_amount, used_mileage, discount_type, discount_value, payment_method, memo) VALUES (213, '2026-03-22', 74, 162000, 0, NULL, 0, '카드', '');
INSERT INTO sales (id, date, customer_id, total_amount, used_mileage, discount_type, discount_value, payment_method, memo) VALUES (214, '2025-06-15', 95, 490000, 0, NULL, 0, '카드', '');
INSERT INTO sales (id, date, customer_id, total_amount, used_mileage, discount_type, discount_value, payment_method, memo) VALUES (215, '2025-01-14', 11, 155000, 0, NULL, 0, '카드', '');
INSERT INTO sales (id, date, customer_id, total_amount, used_mileage, discount_type, discount_value, payment_method, memo) VALUES (216, '2026-04-24', 61, 240000, 0, NULL, 0, '카드', '');
INSERT INTO sales (id, date, customer_id, total_amount, used_mileage, discount_type, discount_value, payment_method, memo) VALUES (217, '2025-05-05', 64, 149000, 0, NULL, 0, '카드', '');
INSERT INTO sales (id, date, customer_id, total_amount, used_mileage, discount_type, discount_value, payment_method, memo) VALUES (218, '2025-12-18', 62, 275000, 0, NULL, 0, '카드', '');
INSERT INTO sales (id, date, customer_id, total_amount, used_mileage, discount_type, discount_value, payment_method, memo) VALUES (219, '2025-04-10', 61, 120000, 0, NULL, 0, '카드', '');
INSERT INTO sales (id, date, customer_id, total_amount, used_mileage, discount_type, discount_value, payment_method, memo) VALUES (220, '2025-09-01', 75, 190000, 0, NULL, 0, '카드', '');
INSERT INTO sales (id, date, customer_id, total_amount, used_mileage, discount_type, discount_value, payment_method, memo) VALUES (221, '2025-01-07', 19, 105000, 0, NULL, 0, '카드', '');
INSERT INTO sales (id, date, customer_id, total_amount, used_mileage, discount_type, discount_value, payment_method, memo) VALUES (222, '2026-05-06', 36, 220000, 0, NULL, 0, '카드', '');
INSERT INTO sales (id, date, customer_id, total_amount, used_mileage, discount_type, discount_value, payment_method, memo) VALUES (223, '2025-02-18', 39, 65000, 0, NULL, 0, '카드', '');
INSERT INTO sales (id, date, customer_id, total_amount, used_mileage, discount_type, discount_value, payment_method, memo) VALUES (224, '2026-07-14', 56, 249000, 0, NULL, 0, '카드', '');
INSERT INTO sales (id, date, customer_id, total_amount, used_mileage, discount_type, discount_value, payment_method, memo) VALUES (225, '2025-06-12', 70, 185000, 0, NULL, 0, '카드', '');
INSERT INTO sales (id, date, customer_id, total_amount, used_mileage, discount_type, discount_value, payment_method, memo) VALUES (226, '2025-04-22', 60, 370000, 0, NULL, 0, '카드', '');
INSERT INTO sales (id, date, customer_id, total_amount, used_mileage, discount_type, discount_value, payment_method, memo) VALUES (227, '2026-09-17', 75, 359000, 0, NULL, 0, '카드', '');
INSERT INTO sales (id, date, customer_id, total_amount, used_mileage, discount_type, discount_value, payment_method, memo) VALUES (228, '2026-10-08', 91, 130000, 0, NULL, 0, '카드', '');
INSERT INTO sales (id, date, customer_id, total_amount, used_mileage, discount_type, discount_value, payment_method, memo) VALUES (229, '2025-02-28', 30, 256000, 0, NULL, 0, '카드', '');
INSERT INTO sales (id, date, customer_id, total_amount, used_mileage, discount_type, discount_value, payment_method, memo) VALUES (230, '2025-03-15', 92, 240000, 0, NULL, 0, '카드', '');
INSERT INTO sales (id, date, customer_id, total_amount, used_mileage, discount_type, discount_value, payment_method, memo) VALUES (231, '2026-02-13', 78, 84000, 0, NULL, 0, '카드', '');
INSERT INTO sales (id, date, customer_id, total_amount, used_mileage, discount_type, discount_value, payment_method, memo) VALUES (232, '2025-01-17', 85, 288000, 0, NULL, 0, '카드', '');
INSERT INTO sales (id, date, customer_id, total_amount, used_mileage, discount_type, discount_value, payment_method, memo) VALUES (233, '2025-06-28', 18, 85000, 0, NULL, 0, '카드', '');
INSERT INTO sales (id, date, customer_id, total_amount, used_mileage, discount_type, discount_value, payment_method, memo) VALUES (234, '2026-07-11', 69, 325000, 0, NULL, 0, '카드', '');
INSERT INTO sales (id, date, customer_id, total_amount, used_mileage, discount_type, discount_value, payment_method, memo) VALUES (235, '2026-03-18', 78, 410000, 0, NULL, 0, '카드', '');
INSERT INTO sales (id, date, customer_id, total_amount, used_mileage, discount_type, discount_value, payment_method, memo) VALUES (236, '2026-11-24', 38, 42000, 0, NULL, 0, '카드', '');
INSERT INTO sales (id, date, customer_id, total_amount, used_mileage, discount_type, discount_value, payment_method, memo) VALUES (237, '2025-01-10', 84, 165000, 0, NULL, 0, '카드', '');
INSERT INTO sales (id, date, customer_id, total_amount, used_mileage, discount_type, discount_value, payment_method, memo) VALUES (238, '2026-03-08', 44, 70000, 0, NULL, 0, '카드', '');
INSERT INTO sales (id, date, customer_id, total_amount, used_mileage, discount_type, discount_value, payment_method, memo) VALUES (239, '2025-08-19', 90, 285000, 0, NULL, 0, '카드', '');
INSERT INTO sales (id, date, customer_id, total_amount, used_mileage, discount_type, discount_value, payment_method, memo) VALUES (240, '2025-07-23', 22, 246000, 0, NULL, 0, '카드', '');
INSERT INTO sales (id, date, customer_id, total_amount, used_mileage, discount_type, discount_value, payment_method, memo) VALUES (241, '2026-03-09', 9, 70000, 0, NULL, 0, '카드', '');
INSERT INTO sales (id, date, customer_id, total_amount, used_mileage, discount_type, discount_value, payment_method, memo) VALUES (242, '2026-11-16', 54, 112000, 0, NULL, 0, '카드', '');
INSERT INTO sales (id, date, customer_id, total_amount, used_mileage, discount_type, discount_value, payment_method, memo) VALUES (243, '2025-11-15', 52, 65000, 0, NULL, 0, '카드', '');
INSERT INTO sales (id, date, customer_id, total_amount, used_mileage, discount_type, discount_value, payment_method, memo) VALUES (244, '2026-10-28', 72, 130000, 0, NULL, 0, '카드', '');
INSERT INTO sales (id, date, customer_id, total_amount, used_mileage, discount_type, discount_value, payment_method, memo) VALUES (245, '2025-08-24', 30, 84000, 0, NULL, 0, '카드', '');
INSERT INTO sales (id, date, customer_id, total_amount, used_mileage, discount_type, discount_value, payment_method, memo) VALUES (246, '2026-11-13', 25, 120000, 0, NULL, 0, '카드', '');
INSERT INTO sales (id, date, customer_id, total_amount, used_mileage, discount_type, discount_value, payment_method, memo) VALUES (247, '2025-03-22', 77, 390000, 0, NULL, 0, '카드', '');
INSERT INTO sales (id, date, customer_id, total_amount, used_mileage, discount_type, discount_value, payment_method, memo) VALUES (248, '2026-07-17', 66, 265000, 0, NULL, 0, '카드', '');
INSERT INTO sales (id, date, customer_id, total_amount, used_mileage, discount_type, discount_value, payment_method, memo) VALUES (249, '2026-07-04', 92, 100000, 0, NULL, 0, '카드', '');
INSERT INTO sales (id, date, customer_id, total_amount, used_mileage, discount_type, discount_value, payment_method, memo) VALUES (250, '2026-08-05', 30, 77000, 0, NULL, 0, '카드', '');
INSERT INTO sales (id, date, customer_id, total_amount, used_mileage, discount_type, discount_value, payment_method, memo) VALUES (251, '2026-10-03', 53, 325000, 0, NULL, 0, '카드', '');
INSERT INTO sales (id, date, customer_id, total_amount, used_mileage, discount_type, discount_value, payment_method, memo) VALUES (252, '2026-01-18', 28, 165000, 0, NULL, 0, '카드', '');
INSERT INTO sales (id, date, customer_id, total_amount, used_mileage, discount_type, discount_value, payment_method, memo) VALUES (253, '2026-05-08', 100, 274000, 0, NULL, 0, '카드', '');
INSERT INTO sales (id, date, customer_id, total_amount, used_mileage, discount_type, discount_value, payment_method, memo) VALUES (254, '2025-06-20', 74, 250000, 0, NULL, 0, '카드', '');
INSERT INTO sales (id, date, customer_id, total_amount, used_mileage, discount_type, discount_value, payment_method, memo) VALUES (255, '2025-07-10', 42, 70000, 0, NULL, 0, '카드', '');
INSERT INTO sales (id, date, customer_id, total_amount, used_mileage, discount_type, discount_value, payment_method, memo) VALUES (256, '2026-04-27', 58, 84000, 0, NULL, 0, '카드', '');
INSERT INTO sales (id, date, customer_id, total_amount, used_mileage, discount_type, discount_value, payment_method, memo) VALUES (257, '2026-08-07', 48, 317000, 0, NULL, 0, '카드', '');
INSERT INTO sales (id, date, customer_id, total_amount, used_mileage, discount_type, discount_value, payment_method, memo) VALUES (258, '2025-07-15', 18, 42000, 0, NULL, 0, '카드', '');
INSERT INTO sales (id, date, customer_id, total_amount, used_mileage, discount_type, discount_value, payment_method, memo) VALUES (259, '2026-09-17', 89, 84000, 0, NULL, 0, '카드', '');
INSERT INTO sales (id, date, customer_id, total_amount, used_mileage, discount_type, discount_value, payment_method, memo) VALUES (260, '2026-01-13', 65, 65000, 0, NULL, 0, '카드', '');
INSERT INTO sales (id, date, customer_id, total_amount, used_mileage, discount_type, discount_value, payment_method, memo) VALUES (261, '2025-11-28', 33, 120000, 0, NULL, 0, '카드', '');
INSERT INTO sales (id, date, customer_id, total_amount, used_mileage, discount_type, discount_value, payment_method, memo) VALUES (262, '2025-12-25', 7, 205000, 0, NULL, 0, '카드', '');
INSERT INTO sales (id, date, customer_id, total_amount, used_mileage, discount_type, discount_value, payment_method, memo) VALUES (263, '2025-03-24', 97, 84000, 0, NULL, 0, '카드', '');
INSERT INTO sales (id, date, customer_id, total_amount, used_mileage, discount_type, discount_value, payment_method, memo) VALUES (264, '2025-03-28', 21, 190000, 0, NULL, 0, '카드', '');
INSERT INTO sales (id, date, customer_id, total_amount, used_mileage, discount_type, discount_value, payment_method, memo) VALUES (265, '2026-02-03', 2, 360000, 0, NULL, 0, '카드', '');
INSERT INTO sales (id, date, customer_id, total_amount, used_mileage, discount_type, discount_value, payment_method, memo) VALUES (266, '2026-09-28', 71, 211000, 0, NULL, 0, '카드', '');
INSERT INTO sales (id, date, customer_id, total_amount, used_mileage, discount_type, discount_value, payment_method, memo) VALUES (267, '2026-03-11', 59, 170000, 0, NULL, 0, '카드', '');
INSERT INTO sales (id, date, customer_id, total_amount, used_mileage, discount_type, discount_value, payment_method, memo) VALUES (268, '2026-04-19', 74, 35000, 0, NULL, 0, '카드', '');
INSERT INTO sales (id, date, customer_id, total_amount, used_mileage, discount_type, discount_value, payment_method, memo) VALUES (269, '2025-04-07', 31, 185000, 0, NULL, 0, '카드', '');
INSERT INTO sales (id, date, customer_id, total_amount, used_mileage, discount_type, discount_value, payment_method, memo) VALUES (270, '2025-08-02', 66, 85000, 0, NULL, 0, '카드', '');
INSERT INTO sales (id, date, customer_id, total_amount, used_mileage, discount_type, discount_value, payment_method, memo) VALUES (271, '2026-05-20', 41, 410000, 0, NULL, 0, '카드', '');
INSERT INTO sales (id, date, customer_id, total_amount, used_mileage, discount_type, discount_value, payment_method, memo) VALUES (272, '2026-09-28', 38, 320000, 0, NULL, 0, '카드', '');
INSERT INTO sales (id, date, customer_id, total_amount, used_mileage, discount_type, discount_value, payment_method, memo) VALUES (273, '2025-05-06', 34, 126000, 0, NULL, 0, '카드', '');
INSERT INTO sales (id, date, customer_id, total_amount, used_mileage, discount_type, discount_value, payment_method, memo) VALUES (274, '2026-10-17', 59, 35000, 0, NULL, 0, '카드', '');
INSERT INTO sales (id, date, customer_id, total_amount, used_mileage, discount_type, discount_value, payment_method, memo) VALUES (275, '2025-03-21', 80, 325000, 0, NULL, 0, '카드', '');
INSERT INTO sales (id, date, customer_id, total_amount, used_mileage, discount_type, discount_value, payment_method, memo) VALUES (276, '2025-10-28', 34, 130000, 0, NULL, 0, '카드', '');
INSERT INTO sales (id, date, customer_id, total_amount, used_mileage, discount_type, discount_value, payment_method, memo) VALUES (277, '2026-05-01', 65, 140000, 0, NULL, 0, '카드', '');
INSERT INTO sales (id, date, customer_id, total_amount, used_mileage, discount_type, discount_value, payment_method, memo) VALUES (278, '2025-05-01', 91, 380000, 0, NULL, 0, '카드', '');
INSERT INTO sales (id, date, customer_id, total_amount, used_mileage, discount_type, discount_value, payment_method, memo) VALUES (279, '2025-02-10', 3, 402000, 0, NULL, 0, '카드', '');
INSERT INTO sales (id, date, customer_id, total_amount, used_mileage, discount_type, discount_value, payment_method, memo) VALUES (280, '2025-09-18', 84, 170000, 0, NULL, 0, '카드', '');
INSERT INTO sales (id, date, customer_id, total_amount, used_mileage, discount_type, discount_value, payment_method, memo) VALUES (281, '2025-04-27', 33, 240000, 0, NULL, 0, '카드', '');
INSERT INTO sales (id, date, customer_id, total_amount, used_mileage, discount_type, discount_value, payment_method, memo) VALUES (282, '2026-03-11', 100, 65000, 0, NULL, 0, '카드', '');
INSERT INTO sales (id, date, customer_id, total_amount, used_mileage, discount_type, discount_value, payment_method, memo) VALUES (283, '2025-09-17', 9, 70000, 0, NULL, 0, '카드', '');
INSERT INTO sales (id, date, customer_id, total_amount, used_mileage, discount_type, discount_value, payment_method, memo) VALUES (284, '2026-04-11', 16, 394000, 0, NULL, 0, '카드', '');
INSERT INTO sales (id, date, customer_id, total_amount, used_mileage, discount_type, discount_value, payment_method, memo) VALUES (285, '2026-11-27', 13, 290000, 0, NULL, 0, '카드', '');
INSERT INTO sales (id, date, customer_id, total_amount, used_mileage, discount_type, discount_value, payment_method, memo) VALUES (286, '2025-10-19', 58, 172000, 0, NULL, 0, '카드', '');
INSERT INTO sales (id, date, customer_id, total_amount, used_mileage, discount_type, discount_value, payment_method, memo) VALUES (287, '2025-04-16', 48, 77000, 0, NULL, 0, '카드', '');
INSERT INTO sales (id, date, customer_id, total_amount, used_mileage, discount_type, discount_value, payment_method, memo) VALUES (288, '2025-05-05', 89, 120000, 0, NULL, 0, '카드', '');
INSERT INTO sales (id, date, customer_id, total_amount, used_mileage, discount_type, discount_value, payment_method, memo) VALUES (289, '2025-08-18', 48, 255000, 0, NULL, 0, '카드', '');
INSERT INTO sales (id, date, customer_id, total_amount, used_mileage, discount_type, discount_value, payment_method, memo) VALUES (290, '2026-01-20', 47, 155000, 0, NULL, 0, '카드', '');
INSERT INTO sales (id, date, customer_id, total_amount, used_mileage, discount_type, discount_value, payment_method, memo) VALUES (291, '2025-04-01', 42, 140000, 0, NULL, 0, '카드', '');
INSERT INTO sales (id, date, customer_id, total_amount, used_mileage, discount_type, discount_value, payment_method, memo) VALUES (292, '2025-08-22', 95, 42000, 0, NULL, 0, '카드', '');
INSERT INTO sales (id, date, customer_id, total_amount, used_mileage, discount_type, discount_value, payment_method, memo) VALUES (293, '2026-03-05', 44, 196000, 0, NULL, 0, '카드', '');
INSERT INTO sales (id, date, customer_id, total_amount, used_mileage, discount_type, discount_value, payment_method, memo) VALUES (294, '2026-10-12', 27, 70000, 0, NULL, 0, '카드', '');
INSERT INTO sales (id, date, customer_id, total_amount, used_mileage, discount_type, discount_value, payment_method, memo) VALUES (295, '2026-11-09', 48, 65000, 0, NULL, 0, '카드', '');
INSERT INTO sales (id, date, customer_id, total_amount, used_mileage, discount_type, discount_value, payment_method, memo) VALUES (296, '2025-09-18', 34, 170000, 0, NULL, 0, '카드', '');
INSERT INTO sales (id, date, customer_id, total_amount, used_mileage, discount_type, discount_value, payment_method, memo) VALUES (297, '2026-01-26', 31, 35000, 0, NULL, 0, '카드', '');
INSERT INTO sales (id, date, customer_id, total_amount, used_mileage, discount_type, discount_value, payment_method, memo) VALUES (298, '2025-09-23', 98, 120000, 0, NULL, 0, '카드', '');
INSERT INTO sales (id, date, customer_id, total_amount, used_mileage, discount_type, discount_value, payment_method, memo) VALUES (299, '2025-03-18', 14, 235000, 0, NULL, 0, '카드', '');
INSERT INTO sales (id, date, customer_id, total_amount, used_mileage, discount_type, discount_value, payment_method, memo) VALUES (300, '2026-11-17', 88, 77000, 0, NULL, 0, '카드', '');
INSERT INTO sale_items (id, sale_id, product_id, quantity) VALUES (1, 1, 1, 2);
INSERT INTO sale_items (id, sale_id, product_id, quantity) VALUES (2, 1, 5, 2);
INSERT INTO sale_items (id, sale_id, product_id, quantity) VALUES (3, 1, 1, 2);
INSERT INTO sale_items (id, sale_id, product_id, quantity) VALUES (4, 2, 3, 2);
INSERT INTO sale_items (id, sale_id, product_id, quantity) VALUES (5, 3, 3, 2);
INSERT INTO sale_items (id, sale_id, product_id, quantity) VALUES (6, 4, 3, 2);
INSERT INTO sale_items (id, sale_id, product_id, quantity) VALUES (7, 4, 4, 1);
INSERT INTO sale_items (id, sale_id, product_id, quantity) VALUES (8, 4, 2, 2);
INSERT INTO sale_items (id, sale_id, product_id, quantity) VALUES (9, 5, 3, 1);
INSERT INTO sale_items (id, sale_id, product_id, quantity) VALUES (10, 5, 5, 1);
INSERT INTO sale_items (id, sale_id, product_id, quantity) VALUES (11, 5, 5, 1);
INSERT INTO sale_items (id, sale_id, product_id, quantity) VALUES (12, 6, 5, 1);
INSERT INTO sale_items (id, sale_id, product_id, quantity) VALUES (13, 6, 2, 2);
INSERT INTO sale_items (id, sale_id, product_id, quantity) VALUES (14, 7, 1, 2);
INSERT INTO sale_items (id, sale_id, product_id, quantity) VALUES (15, 8, 2, 1);
INSERT INTO sale_items (id, sale_id, product_id, quantity) VALUES (16, 8, 4, 1);
INSERT INTO sale_items (id, sale_id, product_id, quantity) VALUES (17, 9, 2, 1);
INSERT INTO sale_items (id, sale_id, product_id, quantity) VALUES (18, 10, 3, 1);
INSERT INTO sale_items (id, sale_id, product_id, quantity) VALUES (19, 10, 2, 2);
INSERT INTO sale_items (id, sale_id, product_id, quantity) VALUES (20, 10, 4, 2);
INSERT INTO sale_items (id, sale_id, product_id, quantity) VALUES (21, 11, 5, 1);
INSERT INTO sale_items (id, sale_id, product_id, quantity) VALUES (22, 11, 5, 1);
INSERT INTO sale_items (id, sale_id, product_id, quantity) VALUES (23, 11, 2, 1);
INSERT INTO sale_items (id, sale_id, product_id, quantity) VALUES (24, 12, 4, 1);
INSERT INTO sale_items (id, sale_id, product_id, quantity) VALUES (25, 13, 1, 2);
INSERT INTO sale_items (id, sale_id, product_id, quantity) VALUES (26, 13, 4, 2);
INSERT INTO sale_items (id, sale_id, product_id, quantity) VALUES (27, 14, 5, 1);
INSERT INTO sale_items (id, sale_id, product_id, quantity) VALUES (28, 14, 1, 2);
INSERT INTO sale_items (id, sale_id, product_id, quantity) VALUES (29, 14, 3, 2);
INSERT INTO sale_items (id, sale_id, product_id, quantity) VALUES (30, 15, 4, 2);
INSERT INTO sale_items (id, sale_id, product_id, quantity) VALUES (31, 15, 4, 1);
INSERT INTO sale_items (id, sale_id, product_id, quantity) VALUES (32, 15, 1, 1);
INSERT INTO sale_items (id, sale_id, product_id, quantity) VALUES (33, 16, 5, 1);
INSERT INTO sale_items (id, sale_id, product_id, quantity) VALUES (34, 16, 1, 1);
INSERT INTO sale_items (id, sale_id, product_id, quantity) VALUES (35, 17, 3, 1);
INSERT INTO sale_items (id, sale_id, product_id, quantity) VALUES (36, 17, 4, 1);
INSERT INTO sale_items (id, sale_id, product_id, quantity) VALUES (37, 17, 2, 1);
INSERT INTO sale_items (id, sale_id, product_id, quantity) VALUES (38, 18, 5, 2);
INSERT INTO sale_items (id, sale_id, product_id, quantity) VALUES (39, 18, 3, 2);
INSERT INTO sale_items (id, sale_id, product_id, quantity) VALUES (40, 19, 2, 2);
INSERT INTO sale_items (id, sale_id, product_id, quantity) VALUES (41, 19, 2, 2);
INSERT INTO sale_items (id, sale_id, product_id, quantity) VALUES (42, 20, 2, 2);
INSERT INTO sale_items (id, sale_id, product_id, quantity) VALUES (43, 21, 2, 2);
INSERT INTO sale_items (id, sale_id, product_id, quantity) VALUES (44, 21, 3, 1);
INSERT INTO sale_items (id, sale_id, product_id, quantity) VALUES (45, 22, 3, 2);
INSERT INTO sale_items (id, sale_id, product_id, quantity) VALUES (46, 23, 1, 2);
INSERT INTO sale_items (id, sale_id, product_id, quantity) VALUES (47, 24, 2, 1);
INSERT INTO sale_items (id, sale_id, product_id, quantity) VALUES (48, 24, 2, 1);
INSERT INTO sale_items (id, sale_id, product_id, quantity) VALUES (49, 24, 5, 1);
INSERT INTO sale_items (id, sale_id, product_id, quantity) VALUES (50, 25, 1, 2);
INSERT INTO sale_items (id, sale_id, product_id, quantity) VALUES (51, 26, 4, 1);
INSERT INTO sale_items (id, sale_id, product_id, quantity) VALUES (52, 26, 2, 1);
INSERT INTO sale_items (id, sale_id, product_id, quantity) VALUES (53, 26, 3, 1);
INSERT INTO sale_items (id, sale_id, product_id, quantity) VALUES (54, 27, 3, 1);
INSERT INTO sale_items (id, sale_id, product_id, quantity) VALUES (55, 27, 2, 2);
INSERT INTO sale_items (id, sale_id, product_id, quantity) VALUES (56, 27, 4, 1);
INSERT INTO sale_items (id, sale_id, product_id, quantity) VALUES (57, 28, 3, 1);
INSERT INTO sale_items (id, sale_id, product_id, quantity) VALUES (58, 28, 3, 2);
INSERT INTO sale_items (id, sale_id, product_id, quantity) VALUES (59, 29, 2, 1);
INSERT INTO sale_items (id, sale_id, product_id, quantity) VALUES (60, 29, 4, 1);
INSERT INTO sale_items (id, sale_id, product_id, quantity) VALUES (61, 29, 2, 1);
INSERT INTO sale_items (id, sale_id, product_id, quantity) VALUES (62, 30, 2, 1);
INSERT INTO sale_items (id, sale_id, product_id, quantity) VALUES (63, 30, 1, 1);
INSERT INTO sale_items (id, sale_id, product_id, quantity) VALUES (64, 31, 3, 1);
INSERT INTO sale_items (id, sale_id, product_id, quantity) VALUES (65, 32, 1, 1);
INSERT INTO sale_items (id, sale_id, product_id, quantity) VALUES (66, 33, 4, 2);
INSERT INTO sale_items (id, sale_id, product_id, quantity) VALUES (67, 33, 4, 2);
INSERT INTO sale_items (id, sale_id, product_id, quantity) VALUES (68, 33, 5, 2);
INSERT INTO sale_items (id, sale_id, product_id, quantity) VALUES (69, 34, 5, 1);
INSERT INTO sale_items (id, sale_id, product_id, quantity) VALUES (70, 34, 3, 1);
INSERT INTO sale_items (id, sale_id, product_id, quantity) VALUES (71, 35, 5, 2);
INSERT INTO sale_items (id, sale_id, product_id, quantity) VALUES (72, 36, 1, 1);
INSERT INTO sale_items (id, sale_id, product_id, quantity) VALUES (73, 36, 5, 2);
INSERT INTO sale_items (id, sale_id, product_id, quantity) VALUES (74, 36, 2, 2);
INSERT INTO sale_items (id, sale_id, product_id, quantity) VALUES (75, 37, 2, 2);
INSERT INTO sale_items (id, sale_id, product_id, quantity) VALUES (76, 38, 4, 1);
INSERT INTO sale_items (id, sale_id, product_id, quantity) VALUES (77, 38, 2, 1);
INSERT INTO sale_items (id, sale_id, product_id, quantity) VALUES (78, 39, 5, 2);
INSERT INTO sale_items (id, sale_id, product_id, quantity) VALUES (79, 39, 3, 1);
INSERT INTO sale_items (id, sale_id, product_id, quantity) VALUES (80, 39, 3, 2);
INSERT INTO sale_items (id, sale_id, product_id, quantity) VALUES (81, 40, 5, 2);
INSERT INTO sale_items (id, sale_id, product_id, quantity) VALUES (82, 40, 4, 1);
INSERT INTO sale_items (id, sale_id, product_id, quantity) VALUES (83, 41, 1, 2);
INSERT INTO sale_items (id, sale_id, product_id, quantity) VALUES (84, 42, 3, 2);
INSERT INTO sale_items (id, sale_id, product_id, quantity) VALUES (85, 42, 3, 1);
INSERT INTO sale_items (id, sale_id, product_id, quantity) VALUES (86, 43, 2, 1);
INSERT INTO sale_items (id, sale_id, product_id, quantity) VALUES (87, 44, 1, 2);
INSERT INTO sale_items (id, sale_id, product_id, quantity) VALUES (88, 44, 3, 1);
INSERT INTO sale_items (id, sale_id, product_id, quantity) VALUES (89, 44, 4, 1);
INSERT INTO sale_items (id, sale_id, product_id, quantity) VALUES (90, 45, 2, 2);
INSERT INTO sale_items (id, sale_id, product_id, quantity) VALUES (91, 45, 5, 2);
INSERT INTO sale_items (id, sale_id, product_id, quantity) VALUES (92, 45, 2, 1);
INSERT INTO sale_items (id, sale_id, product_id, quantity) VALUES (93, 46, 1, 1);
INSERT INTO sale_items (id, sale_id, product_id, quantity) VALUES (94, 46, 1, 2);
INSERT INTO sale_items (id, sale_id, product_id, quantity) VALUES (95, 47, 3, 1);
INSERT INTO sale_items (id, sale_id, product_id, quantity) VALUES (96, 47, 2, 1);
INSERT INTO sale_items (id, sale_id, product_id, quantity) VALUES (97, 48, 1, 2);
INSERT INTO sale_items (id, sale_id, product_id, quantity) VALUES (98, 48, 2, 2);
INSERT INTO sale_items (id, sale_id, product_id, quantity) VALUES (99, 49, 3, 1);
INSERT INTO sale_items (id, sale_id, product_id, quantity) VALUES (100, 49, 4, 2);
INSERT INTO sale_items (id, sale_id, product_id, quantity) VALUES (101, 50, 1, 1);
INSERT INTO sale_items (id, sale_id, product_id, quantity) VALUES (102, 51, 5, 2);
INSERT INTO sale_items (id, sale_id, product_id, quantity) VALUES (103, 52, 5, 1);
INSERT INTO sale_items (id, sale_id, product_id, quantity) VALUES (104, 52, 3, 1);
INSERT INTO sale_items (id, sale_id, product_id, quantity) VALUES (105, 53, 4, 1);
INSERT INTO sale_items (id, sale_id, product_id, quantity) VALUES (106, 54, 5, 2);
INSERT INTO sale_items (id, sale_id, product_id, quantity) VALUES (107, 54, 2, 1);
INSERT INTO sale_items (id, sale_id, product_id, quantity) VALUES (108, 55, 5, 2);
INSERT INTO sale_items (id, sale_id, product_id, quantity) VALUES (109, 55, 5, 2);
INSERT INTO sale_items (id, sale_id, product_id, quantity) VALUES (110, 55, 1, 1);
INSERT INTO sale_items (id, sale_id, product_id, quantity) VALUES (111, 56, 1, 2);
INSERT INTO sale_items (id, sale_id, product_id, quantity) VALUES (112, 56, 4, 2);
INSERT INTO sale_items (id, sale_id, product_id, quantity) VALUES (113, 57, 3, 2);
INSERT INTO sale_items (id, sale_id, product_id, quantity) VALUES (114, 57, 3, 2);
INSERT INTO sale_items (id, sale_id, product_id, quantity) VALUES (115, 58, 5, 2);
INSERT INTO sale_items (id, sale_id, product_id, quantity) VALUES (116, 59, 3, 2);
INSERT INTO sale_items (id, sale_id, product_id, quantity) VALUES (117, 59, 5, 2);
INSERT INTO sale_items (id, sale_id, product_id, quantity) VALUES (118, 59, 4, 1);
INSERT INTO sale_items (id, sale_id, product_id, quantity) VALUES (119, 60, 1, 2);
INSERT INTO sale_items (id, sale_id, product_id, quantity) VALUES (120, 61, 4, 1);
INSERT INTO sale_items (id, sale_id, product_id, quantity) VALUES (121, 61, 4, 2);
INSERT INTO sale_items (id, sale_id, product_id, quantity) VALUES (122, 62, 4, 2);
INSERT INTO sale_items (id, sale_id, product_id, quantity) VALUES (123, 63, 3, 1);
INSERT INTO sale_items (id, sale_id, product_id, quantity) VALUES (124, 63, 3, 2);
INSERT INTO sale_items (id, sale_id, product_id, quantity) VALUES (125, 63, 5, 1);
INSERT INTO sale_items (id, sale_id, product_id, quantity) VALUES (126, 64, 4, 1);
INSERT INTO sale_items (id, sale_id, product_id, quantity) VALUES (127, 64, 1, 1);
INSERT INTO sale_items (id, sale_id, product_id, quantity) VALUES (128, 64, 1, 2);
INSERT INTO sale_items (id, sale_id, product_id, quantity) VALUES (129, 65, 5, 1);
INSERT INTO sale_items (id, sale_id, product_id, quantity) VALUES (130, 65, 5, 1);
INSERT INTO sale_items (id, sale_id, product_id, quantity) VALUES (131, 66, 3, 2);
INSERT INTO sale_items (id, sale_id, product_id, quantity) VALUES (132, 67, 2, 1);
INSERT INTO sale_items (id, sale_id, product_id, quantity) VALUES (133, 68, 3, 1);
INSERT INTO sale_items (id, sale_id, product_id, quantity) VALUES (134, 68, 2, 2);
INSERT INTO sale_items (id, sale_id, product_id, quantity) VALUES (135, 68, 3, 2);
INSERT INTO sale_items (id, sale_id, product_id, quantity) VALUES (136, 69, 2, 1);
INSERT INTO sale_items (id, sale_id, product_id, quantity) VALUES (137, 69, 1, 2);
INSERT INTO sale_items (id, sale_id, product_id, quantity) VALUES (138, 69, 1, 1);
INSERT INTO sale_items (id, sale_id, product_id, quantity) VALUES (139, 70, 4, 2);
INSERT INTO sale_items (id, sale_id, product_id, quantity) VALUES (140, 70, 4, 2);
INSERT INTO sale_items (id, sale_id, product_id, quantity) VALUES (141, 70, 4, 2);
INSERT INTO sale_items (id, sale_id, product_id, quantity) VALUES (142, 71, 2, 1);
INSERT INTO sale_items (id, sale_id, product_id, quantity) VALUES (143, 71, 3, 1);
INSERT INTO sale_items (id, sale_id, product_id, quantity) VALUES (144, 71, 5, 1);
INSERT INTO sale_items (id, sale_id, product_id, quantity) VALUES (145, 72, 1, 2);
INSERT INTO sale_items (id, sale_id, product_id, quantity) VALUES (146, 73, 3, 1);
INSERT INTO sale_items (id, sale_id, product_id, quantity) VALUES (147, 74, 1, 1);
INSERT INTO sale_items (id, sale_id, product_id, quantity) VALUES (148, 74, 2, 1);
INSERT INTO sale_items (id, sale_id, product_id, quantity) VALUES (149, 74, 1, 1);
INSERT INTO sale_items (id, sale_id, product_id, quantity) VALUES (150, 75, 1, 2);
INSERT INTO sale_items (id, sale_id, product_id, quantity) VALUES (151, 75, 2, 1);
INSERT INTO sale_items (id, sale_id, product_id, quantity) VALUES (152, 75, 5, 1);
INSERT INTO sale_items (id, sale_id, product_id, quantity) VALUES (153, 76, 4, 2);
INSERT INTO sale_items (id, sale_id, product_id, quantity) VALUES (154, 77, 1, 1);
INSERT INTO sale_items (id, sale_id, product_id, quantity) VALUES (155, 77, 2, 2);
INSERT INTO sale_items (id, sale_id, product_id, quantity) VALUES (156, 78, 3, 2);
INSERT INTO sale_items (id, sale_id, product_id, quantity) VALUES (157, 79, 3, 2);
INSERT INTO sale_items (id, sale_id, product_id, quantity) VALUES (158, 79, 5, 1);
INSERT INTO sale_items (id, sale_id, product_id, quantity) VALUES (159, 80, 3, 1);
INSERT INTO sale_items (id, sale_id, product_id, quantity) VALUES (160, 80, 1, 2);
INSERT INTO sale_items (id, sale_id, product_id, quantity) VALUES (161, 81, 1, 2);
INSERT INTO sale_items (id, sale_id, product_id, quantity) VALUES (162, 81, 4, 2);
INSERT INTO sale_items (id, sale_id, product_id, quantity) VALUES (163, 82, 4, 1);
INSERT INTO sale_items (id, sale_id, product_id, quantity) VALUES (164, 82, 3, 2);
INSERT INTO sale_items (id, sale_id, product_id, quantity) VALUES (165, 82, 3, 2);
INSERT INTO sale_items (id, sale_id, product_id, quantity) VALUES (166, 83, 2, 1);
INSERT INTO sale_items (id, sale_id, product_id, quantity) VALUES (167, 83, 4, 1);
INSERT INTO sale_items (id, sale_id, product_id, quantity) VALUES (168, 83, 1, 1);
INSERT INTO sale_items (id, sale_id, product_id, quantity) VALUES (169, 84, 4, 1);
INSERT INTO sale_items (id, sale_id, product_id, quantity) VALUES (170, 84, 4, 1);
INSERT INTO sale_items (id, sale_id, product_id, quantity) VALUES (171, 85, 2, 1);
INSERT INTO sale_items (id, sale_id, product_id, quantity) VALUES (172, 86, 1, 2);
INSERT INTO sale_items (id, sale_id, product_id, quantity) VALUES (173, 86, 1, 2);
INSERT INTO sale_items (id, sale_id, product_id, quantity) VALUES (174, 86, 2, 2);
INSERT INTO sale_items (id, sale_id, product_id, quantity) VALUES (175, 87, 3, 2);
INSERT INTO sale_items (id, sale_id, product_id, quantity) VALUES (176, 87, 5, 2);
INSERT INTO sale_items (id, sale_id, product_id, quantity) VALUES (177, 87, 4, 1);
INSERT INTO sale_items (id, sale_id, product_id, quantity) VALUES (178, 88, 2, 1);
INSERT INTO sale_items (id, sale_id, product_id, quantity) VALUES (179, 89, 3, 2);
INSERT INTO sale_items (id, sale_id, product_id, quantity) VALUES (180, 89, 1, 2);
INSERT INTO sale_items (id, sale_id, product_id, quantity) VALUES (181, 90, 1, 2);
INSERT INTO sale_items (id, sale_id, product_id, quantity) VALUES (182, 90, 5, 1);
INSERT INTO sale_items (id, sale_id, product_id, quantity) VALUES (183, 90, 1, 2);
INSERT INTO sale_items (id, sale_id, product_id, quantity) VALUES (184, 91, 1, 1);
INSERT INTO sale_items (id, sale_id, product_id, quantity) VALUES (185, 91, 4, 2);
INSERT INTO sale_items (id, sale_id, product_id, quantity) VALUES (186, 92, 4, 1);
INSERT INTO sale_items (id, sale_id, product_id, quantity) VALUES (187, 92, 2, 2);
INSERT INTO sale_items (id, sale_id, product_id, quantity) VALUES (188, 92, 3, 2);
INSERT INTO sale_items (id, sale_id, product_id, quantity) VALUES (189, 93, 1, 1);
INSERT INTO sale_items (id, sale_id, product_id, quantity) VALUES (190, 94, 1, 1);
INSERT INTO sale_items (id, sale_id, product_id, quantity) VALUES (191, 95, 3, 2);
INSERT INTO sale_items (id, sale_id, product_id, quantity) VALUES (192, 96, 2, 1);
INSERT INTO sale_items (id, sale_id, product_id, quantity) VALUES (193, 97, 2, 2);
INSERT INTO sale_items (id, sale_id, product_id, quantity) VALUES (194, 98, 3, 2);
INSERT INTO sale_items (id, sale_id, product_id, quantity) VALUES (195, 98, 5, 2);
INSERT INTO sale_items (id, sale_id, product_id, quantity) VALUES (196, 98, 3, 1);
INSERT INTO sale_items (id, sale_id, product_id, quantity) VALUES (197, 99, 4, 2);
INSERT INTO sale_items (id, sale_id, product_id, quantity) VALUES (198, 99, 4, 2);
INSERT INTO sale_items (id, sale_id, product_id, quantity) VALUES (199, 99, 5, 2);
INSERT INTO sale_items (id, sale_id, product_id, quantity) VALUES (200, 100, 5, 1);
INSERT INTO sale_items (id, sale_id, product_id, quantity) VALUES (201, 101, 3, 1);
INSERT INTO sale_items (id, sale_id, product_id, quantity) VALUES (202, 101, 2, 1);
INSERT INTO sale_items (id, sale_id, product_id, quantity) VALUES (203, 102, 2, 2);
INSERT INTO sale_items (id, sale_id, product_id, quantity) VALUES (204, 103, 1, 1);
INSERT INTO sale_items (id, sale_id, product_id, quantity) VALUES (205, 103, 1, 2);
INSERT INTO sale_items (id, sale_id, product_id, quantity) VALUES (206, 103, 1, 1);
INSERT INTO sale_items (id, sale_id, product_id, quantity) VALUES (207, 104, 4, 1);
INSERT INTO sale_items (id, sale_id, product_id, quantity) VALUES (208, 104, 1, 2);
INSERT INTO sale_items (id, sale_id, product_id, quantity) VALUES (209, 105, 5, 1);
INSERT INTO sale_items (id, sale_id, product_id, quantity) VALUES (210, 105, 2, 2);
INSERT INTO sale_items (id, sale_id, product_id, quantity) VALUES (211, 105, 3, 2);
INSERT INTO sale_items (id, sale_id, product_id, quantity) VALUES (212, 106, 1, 1);
INSERT INTO sale_items (id, sale_id, product_id, quantity) VALUES (213, 106, 3, 1);
INSERT INTO sale_items (id, sale_id, product_id, quantity) VALUES (214, 107, 2, 1);
INSERT INTO sale_items (id, sale_id, product_id, quantity) VALUES (215, 107, 2, 2);
INSERT INTO sale_items (id, sale_id, product_id, quantity) VALUES (216, 108, 4, 1);
INSERT INTO sale_items (id, sale_id, product_id, quantity) VALUES (217, 108, 5, 2);
INSERT INTO sale_items (id, sale_id, product_id, quantity) VALUES (218, 109, 4, 1);
INSERT INTO sale_items (id, sale_id, product_id, quantity) VALUES (219, 109, 3, 2);
INSERT INTO sale_items (id, sale_id, product_id, quantity) VALUES (220, 110, 2, 1);
INSERT INTO sale_items (id, sale_id, product_id, quantity) VALUES (221, 110, 1, 2);
INSERT INTO sale_items (id, sale_id, product_id, quantity) VALUES (222, 110, 4, 2);
INSERT INTO sale_items (id, sale_id, product_id, quantity) VALUES (223, 111, 3, 2);
INSERT INTO sale_items (id, sale_id, product_id, quantity) VALUES (224, 112, 5, 2);
INSERT INTO sale_items (id, sale_id, product_id, quantity) VALUES (225, 113, 1, 2);
INSERT INTO sale_items (id, sale_id, product_id, quantity) VALUES (226, 113, 3, 2);
INSERT INTO sale_items (id, sale_id, product_id, quantity) VALUES (227, 114, 1, 2);
INSERT INTO sale_items (id, sale_id, product_id, quantity) VALUES (228, 114, 1, 2);
INSERT INTO sale_items (id, sale_id, product_id, quantity) VALUES (229, 115, 1, 1);
INSERT INTO sale_items (id, sale_id, product_id, quantity) VALUES (230, 115, 3, 1);
INSERT INTO sale_items (id, sale_id, product_id, quantity) VALUES (231, 116, 2, 1);
INSERT INTO sale_items (id, sale_id, product_id, quantity) VALUES (232, 117, 2, 2);
INSERT INTO sale_items (id, sale_id, product_id, quantity) VALUES (233, 118, 1, 2);
INSERT INTO sale_items (id, sale_id, product_id, quantity) VALUES (234, 118, 1, 1);
INSERT INTO sale_items (id, sale_id, product_id, quantity) VALUES (235, 119, 1, 2);
INSERT INTO sale_items (id, sale_id, product_id, quantity) VALUES (236, 119, 5, 1);
INSERT INTO sale_items (id, sale_id, product_id, quantity) VALUES (237, 120, 4, 1);
INSERT INTO sale_items (id, sale_id, product_id, quantity) VALUES (238, 120, 5, 1);
INSERT INTO sale_items (id, sale_id, product_id, quantity) VALUES (239, 120, 5, 2);
INSERT INTO sale_items (id, sale_id, product_id, quantity) VALUES (240, 121, 1, 1);
INSERT INTO sale_items (id, sale_id, product_id, quantity) VALUES (241, 121, 5, 1);
INSERT INTO sale_items (id, sale_id, product_id, quantity) VALUES (242, 121, 2, 2);
INSERT INTO sale_items (id, sale_id, product_id, quantity) VALUES (243, 122, 5, 2);
INSERT INTO sale_items (id, sale_id, product_id, quantity) VALUES (244, 122, 4, 2);
INSERT INTO sale_items (id, sale_id, product_id, quantity) VALUES (245, 122, 3, 2);
INSERT INTO sale_items (id, sale_id, product_id, quantity) VALUES (246, 123, 3, 1);
INSERT INTO sale_items (id, sale_id, product_id, quantity) VALUES (247, 123, 3, 2);
INSERT INTO sale_items (id, sale_id, product_id, quantity) VALUES (248, 123, 4, 2);
INSERT INTO sale_items (id, sale_id, product_id, quantity) VALUES (249, 124, 3, 1);
INSERT INTO sale_items (id, sale_id, product_id, quantity) VALUES (250, 124, 1, 2);
INSERT INTO sale_items (id, sale_id, product_id, quantity) VALUES (251, 124, 2, 2);
INSERT INTO sale_items (id, sale_id, product_id, quantity) VALUES (252, 125, 1, 2);
INSERT INTO sale_items (id, sale_id, product_id, quantity) VALUES (253, 126, 5, 1);
INSERT INTO sale_items (id, sale_id, product_id, quantity) VALUES (254, 126, 1, 1);
INSERT INTO sale_items (id, sale_id, product_id, quantity) VALUES (255, 127, 4, 1);
INSERT INTO sale_items (id, sale_id, product_id, quantity) VALUES (256, 128, 1, 2);
INSERT INTO sale_items (id, sale_id, product_id, quantity) VALUES (257, 128, 4, 2);
INSERT INTO sale_items (id, sale_id, product_id, quantity) VALUES (258, 129, 4, 2);
INSERT INTO sale_items (id, sale_id, product_id, quantity) VALUES (259, 129, 1, 1);
INSERT INTO sale_items (id, sale_id, product_id, quantity) VALUES (260, 130, 5, 1);
INSERT INTO sale_items (id, sale_id, product_id, quantity) VALUES (261, 130, 4, 1);
INSERT INTO sale_items (id, sale_id, product_id, quantity) VALUES (262, 131, 2, 2);
INSERT INTO sale_items (id, sale_id, product_id, quantity) VALUES (263, 132, 3, 1);
INSERT INTO sale_items (id, sale_id, product_id, quantity) VALUES (264, 133, 3, 2);
INSERT INTO sale_items (id, sale_id, product_id, quantity) VALUES (265, 134, 1, 2);
INSERT INTO sale_items (id, sale_id, product_id, quantity) VALUES (266, 134, 4, 1);
INSERT INTO sale_items (id, sale_id, product_id, quantity) VALUES (267, 134, 1, 2);
INSERT INTO sale_items (id, sale_id, product_id, quantity) VALUES (268, 135, 1, 2);
INSERT INTO sale_items (id, sale_id, product_id, quantity) VALUES (269, 136, 3, 2);
INSERT INTO sale_items (id, sale_id, product_id, quantity) VALUES (270, 136, 4, 1);
INSERT INTO sale_items (id, sale_id, product_id, quantity) VALUES (271, 136, 4, 1);
INSERT INTO sale_items (id, sale_id, product_id, quantity) VALUES (272, 137, 3, 2);
INSERT INTO sale_items (id, sale_id, product_id, quantity) VALUES (273, 137, 1, 1);
INSERT INTO sale_items (id, sale_id, product_id, quantity) VALUES (274, 137, 5, 2);
INSERT INTO sale_items (id, sale_id, product_id, quantity) VALUES (275, 138, 4, 1);
INSERT INTO sale_items (id, sale_id, product_id, quantity) VALUES (276, 139, 4, 2);
INSERT INTO sale_items (id, sale_id, product_id, quantity) VALUES (277, 139, 3, 2);
INSERT INTO sale_items (id, sale_id, product_id, quantity) VALUES (278, 140, 3, 1);
INSERT INTO sale_items (id, sale_id, product_id, quantity) VALUES (279, 140, 5, 2);
INSERT INTO sale_items (id, sale_id, product_id, quantity) VALUES (280, 141, 1, 2);
INSERT INTO sale_items (id, sale_id, product_id, quantity) VALUES (281, 141, 3, 2);
INSERT INTO sale_items (id, sale_id, product_id, quantity) VALUES (282, 141, 1, 1);
INSERT INTO sale_items (id, sale_id, product_id, quantity) VALUES (283, 142, 3, 1);
INSERT INTO sale_items (id, sale_id, product_id, quantity) VALUES (284, 143, 5, 2);
INSERT INTO sale_items (id, sale_id, product_id, quantity) VALUES (285, 143, 2, 1);
INSERT INTO sale_items (id, sale_id, product_id, quantity) VALUES (286, 144, 5, 1);
INSERT INTO sale_items (id, sale_id, product_id, quantity) VALUES (287, 145, 2, 1);
INSERT INTO sale_items (id, sale_id, product_id, quantity) VALUES (288, 145, 2, 1);
INSERT INTO sale_items (id, sale_id, product_id, quantity) VALUES (289, 145, 2, 1);
INSERT INTO sale_items (id, sale_id, product_id, quantity) VALUES (290, 146, 5, 2);
INSERT INTO sale_items (id, sale_id, product_id, quantity) VALUES (291, 146, 3, 1);
INSERT INTO sale_items (id, sale_id, product_id, quantity) VALUES (292, 147, 4, 1);
INSERT INTO sale_items (id, sale_id, product_id, quantity) VALUES (293, 147, 4, 1);
INSERT INTO sale_items (id, sale_id, product_id, quantity) VALUES (294, 148, 4, 2);
INSERT INTO sale_items (id, sale_id, product_id, quantity) VALUES (295, 148, 4, 2);
INSERT INTO sale_items (id, sale_id, product_id, quantity) VALUES (296, 148, 1, 2);
INSERT INTO sale_items (id, sale_id, product_id, quantity) VALUES (297, 149, 3, 1);
INSERT INTO sale_items (id, sale_id, product_id, quantity) VALUES (298, 149, 4, 1);
INSERT INTO sale_items (id, sale_id, product_id, quantity) VALUES (299, 149, 1, 1);
INSERT INTO sale_items (id, sale_id, product_id, quantity) VALUES (300, 150, 3, 2);
INSERT INTO sale_items (id, sale_id, product_id, quantity) VALUES (301, 150, 1, 1);
INSERT INTO sale_items (id, sale_id, product_id, quantity) VALUES (302, 151, 2, 1);
INSERT INTO sale_items (id, sale_id, product_id, quantity) VALUES (303, 152, 3, 2);
INSERT INTO sale_items (id, sale_id, product_id, quantity) VALUES (304, 153, 5, 1);
INSERT INTO sale_items (id, sale_id, product_id, quantity) VALUES (305, 153, 4, 2);
INSERT INTO sale_items (id, sale_id, product_id, quantity) VALUES (306, 154, 5, 1);
INSERT INTO sale_items (id, sale_id, product_id, quantity) VALUES (307, 155, 2, 2);
INSERT INTO sale_items (id, sale_id, product_id, quantity) VALUES (308, 156, 2, 2);
INSERT INTO sale_items (id, sale_id, product_id, quantity) VALUES (309, 156, 1, 1);
INSERT INTO sale_items (id, sale_id, product_id, quantity) VALUES (310, 156, 3, 1);
INSERT INTO sale_items (id, sale_id, product_id, quantity) VALUES (311, 157, 1, 1);
INSERT INTO sale_items (id, sale_id, product_id, quantity) VALUES (312, 157, 3, 1);
INSERT INTO sale_items (id, sale_id, product_id, quantity) VALUES (313, 158, 4, 2);
INSERT INTO sale_items (id, sale_id, product_id, quantity) VALUES (314, 158, 2, 1);
INSERT INTO sale_items (id, sale_id, product_id, quantity) VALUES (315, 159, 5, 2);
INSERT INTO sale_items (id, sale_id, product_id, quantity) VALUES (316, 159, 1, 1);
INSERT INTO sale_items (id, sale_id, product_id, quantity) VALUES (317, 160, 3, 1);
INSERT INTO sale_items (id, sale_id, product_id, quantity) VALUES (318, 161, 3, 2);
INSERT INTO sale_items (id, sale_id, product_id, quantity) VALUES (319, 161, 4, 2);
INSERT INTO sale_items (id, sale_id, product_id, quantity) VALUES (320, 161, 5, 1);
INSERT INTO sale_items (id, sale_id, product_id, quantity) VALUES (321, 162, 1, 1);
INSERT INTO sale_items (id, sale_id, product_id, quantity) VALUES (322, 163, 2, 2);
INSERT INTO sale_items (id, sale_id, product_id, quantity) VALUES (323, 164, 4, 1);
INSERT INTO sale_items (id, sale_id, product_id, quantity) VALUES (324, 164, 1, 1);
INSERT INTO sale_items (id, sale_id, product_id, quantity) VALUES (325, 164, 5, 1);
INSERT INTO sale_items (id, sale_id, product_id, quantity) VALUES (326, 165, 3, 1);
INSERT INTO sale_items (id, sale_id, product_id, quantity) VALUES (327, 166, 1, 1);
INSERT INTO sale_items (id, sale_id, product_id, quantity) VALUES (328, 166, 5, 2);
INSERT INTO sale_items (id, sale_id, product_id, quantity) VALUES (329, 167, 1, 2);
INSERT INTO sale_items (id, sale_id, product_id, quantity) VALUES (330, 168, 1, 1);
INSERT INTO sale_items (id, sale_id, product_id, quantity) VALUES (331, 168, 3, 1);
INSERT INTO sale_items (id, sale_id, product_id, quantity) VALUES (332, 168, 3, 1);
INSERT INTO sale_items (id, sale_id, product_id, quantity) VALUES (333, 169, 1, 2);
INSERT INTO sale_items (id, sale_id, product_id, quantity) VALUES (334, 170, 5, 1);
INSERT INTO sale_items (id, sale_id, product_id, quantity) VALUES (335, 170, 4, 1);
INSERT INTO sale_items (id, sale_id, product_id, quantity) VALUES (336, 170, 1, 1);
INSERT INTO sale_items (id, sale_id, product_id, quantity) VALUES (337, 171, 4, 2);
INSERT INTO sale_items (id, sale_id, product_id, quantity) VALUES (338, 171, 3, 1);
INSERT INTO sale_items (id, sale_id, product_id, quantity) VALUES (339, 172, 4, 2);
INSERT INTO sale_items (id, sale_id, product_id, quantity) VALUES (340, 173, 4, 2);
INSERT INTO sale_items (id, sale_id, product_id, quantity) VALUES (341, 173, 1, 2);
INSERT INTO sale_items (id, sale_id, product_id, quantity) VALUES (342, 174, 3, 1);
INSERT INTO sale_items (id, sale_id, product_id, quantity) VALUES (343, 174, 3, 1);
INSERT INTO sale_items (id, sale_id, product_id, quantity) VALUES (344, 174, 5, 1);
INSERT INTO sale_items (id, sale_id, product_id, quantity) VALUES (345, 175, 5, 2);
INSERT INTO sale_items (id, sale_id, product_id, quantity) VALUES (346, 175, 1, 2);
INSERT INTO sale_items (id, sale_id, product_id, quantity) VALUES (347, 176, 3, 1);
INSERT INTO sale_items (id, sale_id, product_id, quantity) VALUES (348, 177, 4, 2);
INSERT INTO sale_items (id, sale_id, product_id, quantity) VALUES (349, 177, 5, 1);
INSERT INTO sale_items (id, sale_id, product_id, quantity) VALUES (350, 178, 3, 2);
INSERT INTO sale_items (id, sale_id, product_id, quantity) VALUES (351, 179, 2, 2);
INSERT INTO sale_items (id, sale_id, product_id, quantity) VALUES (352, 179, 1, 2);
INSERT INTO sale_items (id, sale_id, product_id, quantity) VALUES (353, 179, 4, 1);
INSERT INTO sale_items (id, sale_id, product_id, quantity) VALUES (354, 180, 1, 1);
INSERT INTO sale_items (id, sale_id, product_id, quantity) VALUES (355, 181, 3, 2);
INSERT INTO sale_items (id, sale_id, product_id, quantity) VALUES (356, 181, 5, 2);
INSERT INTO sale_items (id, sale_id, product_id, quantity) VALUES (357, 182, 2, 1);
INSERT INTO sale_items (id, sale_id, product_id, quantity) VALUES (358, 183, 1, 2);
INSERT INTO sale_items (id, sale_id, product_id, quantity) VALUES (359, 183, 3, 1);
INSERT INTO sale_items (id, sale_id, product_id, quantity) VALUES (360, 184, 5, 1);
INSERT INTO sale_items (id, sale_id, product_id, quantity) VALUES (361, 185, 3, 2);
INSERT INTO sale_items (id, sale_id, product_id, quantity) VALUES (362, 185, 3, 1);
INSERT INTO sale_items (id, sale_id, product_id, quantity) VALUES (363, 185, 4, 2);
INSERT INTO sale_items (id, sale_id, product_id, quantity) VALUES (364, 186, 5, 1);
INSERT INTO sale_items (id, sale_id, product_id, quantity) VALUES (365, 186, 2, 2);
INSERT INTO sale_items (id, sale_id, product_id, quantity) VALUES (366, 187, 2, 2);
INSERT INTO sale_items (id, sale_id, product_id, quantity) VALUES (367, 188, 4, 1);
INSERT INTO sale_items (id, sale_id, product_id, quantity) VALUES (368, 188, 3, 1);
INSERT INTO sale_items (id, sale_id, product_id, quantity) VALUES (369, 189, 5, 2);
INSERT INTO sale_items (id, sale_id, product_id, quantity) VALUES (370, 190, 4, 1);
INSERT INTO sale_items (id, sale_id, product_id, quantity) VALUES (371, 191, 1, 2);
INSERT INTO sale_items (id, sale_id, product_id, quantity) VALUES (372, 191, 4, 2);
INSERT INTO sale_items (id, sale_id, product_id, quantity) VALUES (373, 192, 2, 1);
INSERT INTO sale_items (id, sale_id, product_id, quantity) VALUES (374, 192, 4, 2);
INSERT INTO sale_items (id, sale_id, product_id, quantity) VALUES (375, 193, 4, 2);
INSERT INTO sale_items (id, sale_id, product_id, quantity) VALUES (376, 194, 5, 1);
INSERT INTO sale_items (id, sale_id, product_id, quantity) VALUES (377, 194, 5, 1);
INSERT INTO sale_items (id, sale_id, product_id, quantity) VALUES (378, 195, 4, 2);
INSERT INTO sale_items (id, sale_id, product_id, quantity) VALUES (379, 195, 3, 1);
INSERT INTO sale_items (id, sale_id, product_id, quantity) VALUES (380, 196, 2, 1);
INSERT INTO sale_items (id, sale_id, product_id, quantity) VALUES (381, 196, 4, 2);
INSERT INTO sale_items (id, sale_id, product_id, quantity) VALUES (382, 197, 1, 1);
INSERT INTO sale_items (id, sale_id, product_id, quantity) VALUES (383, 197, 1, 1);
INSERT INTO sale_items (id, sale_id, product_id, quantity) VALUES (384, 198, 4, 2);
INSERT INTO sale_items (id, sale_id, product_id, quantity) VALUES (385, 198, 4, 1);
INSERT INTO sale_items (id, sale_id, product_id, quantity) VALUES (386, 199, 3, 1);
INSERT INTO sale_items (id, sale_id, product_id, quantity) VALUES (387, 199, 2, 2);
INSERT INTO sale_items (id, sale_id, product_id, quantity) VALUES (388, 200, 2, 2);
INSERT INTO sale_items (id, sale_id, product_id, quantity) VALUES (389, 200, 3, 1);
INSERT INTO sale_items (id, sale_id, product_id, quantity) VALUES (390, 200, 4, 1);
INSERT INTO sale_items (id, sale_id, product_id, quantity) VALUES (391, 201, 2, 1);
INSERT INTO sale_items (id, sale_id, product_id, quantity) VALUES (392, 201, 2, 2);
INSERT INTO sale_items (id, sale_id, product_id, quantity) VALUES (393, 202, 5, 2);
INSERT INTO sale_items (id, sale_id, product_id, quantity) VALUES (394, 203, 2, 2);
INSERT INTO sale_items (id, sale_id, product_id, quantity) VALUES (395, 203, 5, 2);
INSERT INTO sale_items (id, sale_id, product_id, quantity) VALUES (396, 203, 3, 1);
INSERT INTO sale_items (id, sale_id, product_id, quantity) VALUES (397, 204, 1, 1);
INSERT INTO sale_items (id, sale_id, product_id, quantity) VALUES (398, 204, 2, 1);
INSERT INTO sale_items (id, sale_id, product_id, quantity) VALUES (399, 204, 1, 1);
INSERT INTO sale_items (id, sale_id, product_id, quantity) VALUES (400, 205, 3, 1);
INSERT INTO sale_items (id, sale_id, product_id, quantity) VALUES (401, 205, 1, 2);
INSERT INTO sale_items (id, sale_id, product_id, quantity) VALUES (402, 206, 5, 1);
INSERT INTO sale_items (id, sale_id, product_id, quantity) VALUES (403, 206, 5, 2);
INSERT INTO sale_items (id, sale_id, product_id, quantity) VALUES (404, 207, 1, 1);
INSERT INTO sale_items (id, sale_id, product_id, quantity) VALUES (405, 208, 4, 2);
INSERT INTO sale_items (id, sale_id, product_id, quantity) VALUES (406, 208, 1, 2);
INSERT INTO sale_items (id, sale_id, product_id, quantity) VALUES (407, 208, 2, 1);
INSERT INTO sale_items (id, sale_id, product_id, quantity) VALUES (408, 209, 2, 1);
INSERT INTO sale_items (id, sale_id, product_id, quantity) VALUES (409, 209, 1, 2);
INSERT INTO sale_items (id, sale_id, product_id, quantity) VALUES (410, 210, 5, 2);
INSERT INTO sale_items (id, sale_id, product_id, quantity) VALUES (411, 211, 4, 2);
INSERT INTO sale_items (id, sale_id, product_id, quantity) VALUES (412, 211, 4, 1);
INSERT INTO sale_items (id, sale_id, product_id, quantity) VALUES (413, 212, 3, 1);
INSERT INTO sale_items (id, sale_id, product_id, quantity) VALUES (414, 212, 2, 1);
INSERT INTO sale_items (id, sale_id, product_id, quantity) VALUES (415, 212, 5, 2);
INSERT INTO sale_items (id, sale_id, product_id, quantity) VALUES (416, 213, 3, 1);
INSERT INTO sale_items (id, sale_id, product_id, quantity) VALUES (417, 213, 5, 1);
INSERT INTO sale_items (id, sale_id, product_id, quantity) VALUES (418, 213, 4, 1);
INSERT INTO sale_items (id, sale_id, product_id, quantity) VALUES (419, 214, 1, 2);
INSERT INTO sale_items (id, sale_id, product_id, quantity) VALUES (420, 214, 1, 1);
INSERT INTO sale_items (id, sale_id, product_id, quantity) VALUES (421, 214, 2, 2);
INSERT INTO sale_items (id, sale_id, product_id, quantity) VALUES (422, 215, 5, 1);
INSERT INTO sale_items (id, sale_id, product_id, quantity) VALUES (423, 215, 1, 1);
INSERT INTO sale_items (id, sale_id, product_id, quantity) VALUES (424, 216, 1, 2);
INSERT INTO sale_items (id, sale_id, product_id, quantity) VALUES (425, 217, 2, 1);
INSERT INTO sale_items (id, sale_id, product_id, quantity) VALUES (426, 217, 3, 2);
INSERT INTO sale_items (id, sale_id, product_id, quantity) VALUES (427, 218, 5, 1);
INSERT INTO sale_items (id, sale_id, product_id, quantity) VALUES (428, 218, 4, 2);
INSERT INTO sale_items (id, sale_id, product_id, quantity) VALUES (429, 218, 5, 2);
INSERT INTO sale_items (id, sale_id, product_id, quantity) VALUES (430, 219, 1, 1);
INSERT INTO sale_items (id, sale_id, product_id, quantity) VALUES (431, 220, 4, 1);
INSERT INTO sale_items (id, sale_id, product_id, quantity) VALUES (432, 220, 5, 2);
INSERT INTO sale_items (id, sale_id, product_id, quantity) VALUES (433, 220, 5, 1);
INSERT INTO sale_items (id, sale_id, product_id, quantity) VALUES (434, 221, 5, 1);
INSERT INTO sale_items (id, sale_id, product_id, quantity) VALUES (435, 221, 5, 2);
INSERT INTO sale_items (id, sale_id, product_id, quantity) VALUES (436, 222, 5, 2);
INSERT INTO sale_items (id, sale_id, product_id, quantity) VALUES (437, 222, 2, 1);
INSERT INTO sale_items (id, sale_id, product_id, quantity) VALUES (438, 222, 4, 1);
INSERT INTO sale_items (id, sale_id, product_id, quantity) VALUES (439, 223, 2, 1);
INSERT INTO sale_items (id, sale_id, product_id, quantity) VALUES (440, 224, 5, 1);
INSERT INTO sale_items (id, sale_id, product_id, quantity) VALUES (441, 224, 2, 2);
INSERT INTO sale_items (id, sale_id, product_id, quantity) VALUES (442, 224, 3, 2);
INSERT INTO sale_items (id, sale_id, product_id, quantity) VALUES (443, 225, 4, 1);
INSERT INTO sale_items (id, sale_id, product_id, quantity) VALUES (444, 225, 2, 1);
INSERT INTO sale_items (id, sale_id, product_id, quantity) VALUES (445, 225, 5, 1);
INSERT INTO sale_items (id, sale_id, product_id, quantity) VALUES (446, 226, 2, 2);
INSERT INTO sale_items (id, sale_id, product_id, quantity) VALUES (447, 226, 1, 2);
INSERT INTO sale_items (id, sale_id, product_id, quantity) VALUES (448, 227, 5, 1);
INSERT INTO sale_items (id, sale_id, product_id, quantity) VALUES (449, 227, 1, 2);
INSERT INTO sale_items (id, sale_id, product_id, quantity) VALUES (450, 227, 3, 2);
INSERT INTO sale_items (id, sale_id, product_id, quantity) VALUES (451, 228, 2, 2);
INSERT INTO sale_items (id, sale_id, product_id, quantity) VALUES (452, 229, 2, 2);
INSERT INTO sale_items (id, sale_id, product_id, quantity) VALUES (453, 229, 3, 2);
INSERT INTO sale_items (id, sale_id, product_id, quantity) VALUES (454, 229, 3, 1);
INSERT INTO sale_items (id, sale_id, product_id, quantity) VALUES (455, 230, 4, 1);
INSERT INTO sale_items (id, sale_id, product_id, quantity) VALUES (456, 230, 5, 1);
INSERT INTO sale_items (id, sale_id, product_id, quantity) VALUES (457, 230, 1, 1);
INSERT INTO sale_items (id, sale_id, product_id, quantity) VALUES (458, 231, 3, 2);
INSERT INTO sale_items (id, sale_id, product_id, quantity) VALUES (459, 232, 3, 2);
INSERT INTO sale_items (id, sale_id, product_id, quantity) VALUES (460, 232, 3, 2);
INSERT INTO sale_items (id, sale_id, product_id, quantity) VALUES (461, 232, 1, 1);
INSERT INTO sale_items (id, sale_id, product_id, quantity) VALUES (462, 233, 4, 1);
INSERT INTO sale_items (id, sale_id, product_id, quantity) VALUES (463, 234, 4, 2);
INSERT INTO sale_items (id, sale_id, product_id, quantity) VALUES (464, 234, 1, 1);
INSERT INTO sale_items (id, sale_id, product_id, quantity) VALUES (465, 234, 5, 1);
INSERT INTO sale_items (id, sale_id, product_id, quantity) VALUES (466, 235, 1, 2);
INSERT INTO sale_items (id, sale_id, product_id, quantity) VALUES (467, 235, 4, 2);
INSERT INTO sale_items (id, sale_id, product_id, quantity) VALUES (468, 236, 3, 1);
INSERT INTO sale_items (id, sale_id, product_id, quantity) VALUES (469, 237, 2, 2);
INSERT INTO sale_items (id, sale_id, product_id, quantity) VALUES (470, 237, 5, 1);
INSERT INTO sale_items (id, sale_id, product_id, quantity) VALUES (471, 238, 5, 2);
INSERT INTO sale_items (id, sale_id, product_id, quantity) VALUES (472, 239, 2, 2);
INSERT INTO sale_items (id, sale_id, product_id, quantity) VALUES (473, 239, 4, 1);
INSERT INTO sale_items (id, sale_id, product_id, quantity) VALUES (474, 239, 5, 2);
INSERT INTO sale_items (id, sale_id, product_id, quantity) VALUES (475, 240, 3, 1);
INSERT INTO sale_items (id, sale_id, product_id, quantity) VALUES (476, 240, 1, 1);
INSERT INTO sale_items (id, sale_id, product_id, quantity) VALUES (477, 240, 3, 2);
INSERT INTO sale_items (id, sale_id, product_id, quantity) VALUES (478, 241, 5, 2);
INSERT INTO sale_items (id, sale_id, product_id, quantity) VALUES (479, 242, 5, 2);
INSERT INTO sale_items (id, sale_id, product_id, quantity) VALUES (480, 242, 3, 1);
INSERT INTO sale_items (id, sale_id, product_id, quantity) VALUES (481, 243, 2, 1);
INSERT INTO sale_items (id, sale_id, product_id, quantity) VALUES (482, 244, 2, 2);
INSERT INTO sale_items (id, sale_id, product_id, quantity) VALUES (483, 245, 3, 1);
INSERT INTO sale_items (id, sale_id, product_id, quantity) VALUES (484, 245, 3, 1);
INSERT INTO sale_items (id, sale_id, product_id, quantity) VALUES (485, 246, 1, 1);
INSERT INTO sale_items (id, sale_id, product_id, quantity) VALUES (486, 247, 4, 1);
INSERT INTO sale_items (id, sale_id, product_id, quantity) VALUES (487, 247, 2, 1);
INSERT INTO sale_items (id, sale_id, product_id, quantity) VALUES (488, 247, 1, 2);
INSERT INTO sale_items (id, sale_id, product_id, quantity) VALUES (489, 248, 2, 2);
INSERT INTO sale_items (id, sale_id, product_id, quantity) VALUES (490, 248, 5, 2);
INSERT INTO sale_items (id, sale_id, product_id, quantity) VALUES (491, 248, 2, 1);
INSERT INTO sale_items (id, sale_id, product_id, quantity) VALUES (492, 249, 5, 1);
INSERT INTO sale_items (id, sale_id, product_id, quantity) VALUES (493, 249, 2, 1);
INSERT INTO sale_items (id, sale_id, product_id, quantity) VALUES (494, 250, 3, 1);
INSERT INTO sale_items (id, sale_id, product_id, quantity) VALUES (495, 250, 5, 1);
INSERT INTO sale_items (id, sale_id, product_id, quantity) VALUES (496, 251, 4, 1);
INSERT INTO sale_items (id, sale_id, product_id, quantity) VALUES (497, 251, 1, 1);
INSERT INTO sale_items (id, sale_id, product_id, quantity) VALUES (498, 251, 1, 1);
INSERT INTO sale_items (id, sale_id, product_id, quantity) VALUES (499, 252, 2, 1);
INSERT INTO sale_items (id, sale_id, product_id, quantity) VALUES (500, 252, 2, 1);
INSERT INTO sale_items (id, sale_id, product_id, quantity) VALUES (501, 252, 5, 1);
INSERT INTO sale_items (id, sale_id, product_id, quantity) VALUES (502, 253, 5, 2);
INSERT INTO sale_items (id, sale_id, product_id, quantity) VALUES (503, 253, 1, 1);
INSERT INTO sale_items (id, sale_id, product_id, quantity) VALUES (504, 253, 3, 2);
INSERT INTO sale_items (id, sale_id, product_id, quantity) VALUES (505, 254, 1, 1);
INSERT INTO sale_items (id, sale_id, product_id, quantity) VALUES (506, 254, 2, 2);
INSERT INTO sale_items (id, sale_id, product_id, quantity) VALUES (507, 255, 5, 2);
INSERT INTO sale_items (id, sale_id, product_id, quantity) VALUES (508, 256, 3, 2);
INSERT INTO sale_items (id, sale_id, product_id, quantity) VALUES (509, 257, 5, 1);
INSERT INTO sale_items (id, sale_id, product_id, quantity) VALUES (510, 257, 3, 1);
INSERT INTO sale_items (id, sale_id, product_id, quantity) VALUES (511, 257, 1, 2);
INSERT INTO sale_items (id, sale_id, product_id, quantity) VALUES (512, 258, 3, 1);
INSERT INTO sale_items (id, sale_id, product_id, quantity) VALUES (513, 259, 3, 1);
INSERT INTO sale_items (id, sale_id, product_id, quantity) VALUES (514, 259, 3, 1);
INSERT INTO sale_items (id, sale_id, product_id, quantity) VALUES (515, 260, 2, 1);
INSERT INTO sale_items (id, sale_id, product_id, quantity) VALUES (516, 261, 4, 1);
INSERT INTO sale_items (id, sale_id, product_id, quantity) VALUES (517, 261, 5, 1);
INSERT INTO sale_items (id, sale_id, product_id, quantity) VALUES (518, 262, 4, 1);
INSERT INTO sale_items (id, sale_id, product_id, quantity) VALUES (519, 262, 5, 1);
INSERT INTO sale_items (id, sale_id, product_id, quantity) VALUES (520, 262, 4, 1);
INSERT INTO sale_items (id, sale_id, product_id, quantity) VALUES (521, 263, 3, 2);
INSERT INTO sale_items (id, sale_id, product_id, quantity) VALUES (522, 264, 1, 1);
INSERT INTO sale_items (id, sale_id, product_id, quantity) VALUES (523, 264, 5, 2);
INSERT INTO sale_items (id, sale_id, product_id, quantity) VALUES (524, 265, 1, 2);
INSERT INTO sale_items (id, sale_id, product_id, quantity) VALUES (525, 265, 1, 1);
INSERT INTO sale_items (id, sale_id, product_id, quantity) VALUES (526, 266, 3, 1);
INSERT INTO sale_items (id, sale_id, product_id, quantity) VALUES (527, 266, 4, 1);
INSERT INTO sale_items (id, sale_id, product_id, quantity) VALUES (528, 266, 3, 2);
INSERT INTO sale_items (id, sale_id, product_id, quantity) VALUES (529, 267, 4, 2);
INSERT INTO sale_items (id, sale_id, product_id, quantity) VALUES (530, 268, 5, 1);
INSERT INTO sale_items (id, sale_id, product_id, quantity) VALUES (531, 269, 1, 1);
INSERT INTO sale_items (id, sale_id, product_id, quantity) VALUES (532, 269, 2, 1);
INSERT INTO sale_items (id, sale_id, product_id, quantity) VALUES (533, 270, 4, 1);
INSERT INTO sale_items (id, sale_id, product_id, quantity) VALUES (534, 271, 1, 2);
INSERT INTO sale_items (id, sale_id, product_id, quantity) VALUES (535, 271, 4, 2);
INSERT INTO sale_items (id, sale_id, product_id, quantity) VALUES (536, 272, 4, 2);
INSERT INTO sale_items (id, sale_id, product_id, quantity) VALUES (537, 272, 4, 1);
INSERT INTO sale_items (id, sale_id, product_id, quantity) VALUES (538, 272, 2, 1);
INSERT INTO sale_items (id, sale_id, product_id, quantity) VALUES (539, 273, 3, 1);
INSERT INTO sale_items (id, sale_id, product_id, quantity) VALUES (540, 273, 3, 2);
INSERT INTO sale_items (id, sale_id, product_id, quantity) VALUES (541, 274, 5, 1);
INSERT INTO sale_items (id, sale_id, product_id, quantity) VALUES (542, 275, 1, 2);
INSERT INTO sale_items (id, sale_id, product_id, quantity) VALUES (543, 275, 4, 1);
INSERT INTO sale_items (id, sale_id, product_id, quantity) VALUES (544, 276, 2, 2);
INSERT INTO sale_items (id, sale_id, product_id, quantity) VALUES (545, 277, 5, 2);
INSERT INTO sale_items (id, sale_id, product_id, quantity) VALUES (546, 277, 5, 2);
INSERT INTO sale_items (id, sale_id, product_id, quantity) VALUES (547, 278, 1, 1);
INSERT INTO sale_items (id, sale_id, product_id, quantity) VALUES (548, 278, 2, 2);
INSERT INTO sale_items (id, sale_id, product_id, quantity) VALUES (549, 278, 2, 2);
INSERT INTO sale_items (id, sale_id, product_id, quantity) VALUES (550, 279, 1, 1);
INSERT INTO sale_items (id, sale_id, product_id, quantity) VALUES (551, 279, 1, 2);
INSERT INTO sale_items (id, sale_id, product_id, quantity) VALUES (552, 279, 3, 1);
INSERT INTO sale_items (id, sale_id, product_id, quantity) VALUES (553, 280, 4, 2);
INSERT INTO sale_items (id, sale_id, product_id, quantity) VALUES (554, 281, 1, 2);
INSERT INTO sale_items (id, sale_id, product_id, quantity) VALUES (555, 282, 2, 1);
INSERT INTO sale_items (id, sale_id, product_id, quantity) VALUES (556, 283, 5, 2);
INSERT INTO sale_items (id, sale_id, product_id, quantity) VALUES (557, 284, 1, 2);
INSERT INTO sale_items (id, sale_id, product_id, quantity) VALUES (558, 284, 5, 2);
INSERT INTO sale_items (id, sale_id, product_id, quantity) VALUES (559, 284, 3, 2);
INSERT INTO sale_items (id, sale_id, product_id, quantity) VALUES (560, 285, 4, 2);
INSERT INTO sale_items (id, sale_id, product_id, quantity) VALUES (561, 285, 1, 1);
INSERT INTO sale_items (id, sale_id, product_id, quantity) VALUES (562, 286, 2, 2);
INSERT INTO sale_items (id, sale_id, product_id, quantity) VALUES (563, 286, 3, 1);
INSERT INTO sale_items (id, sale_id, product_id, quantity) VALUES (564, 287, 5, 1);
INSERT INTO sale_items (id, sale_id, product_id, quantity) VALUES (565, 287, 3, 1);
INSERT INTO sale_items (id, sale_id, product_id, quantity) VALUES (566, 288, 1, 1);
INSERT INTO sale_items (id, sale_id, product_id, quantity) VALUES (567, 289, 4, 1);
INSERT INTO sale_items (id, sale_id, product_id, quantity) VALUES (568, 289, 4, 2);
INSERT INTO sale_items (id, sale_id, product_id, quantity) VALUES (569, 290, 5, 1);
INSERT INTO sale_items (id, sale_id, product_id, quantity) VALUES (570, 290, 1, 1);
INSERT INTO sale_items (id, sale_id, product_id, quantity) VALUES (571, 291, 5, 1);
INSERT INTO sale_items (id, sale_id, product_id, quantity) VALUES (572, 291, 5, 1);
INSERT INTO sale_items (id, sale_id, product_id, quantity) VALUES (573, 291, 5, 2);
INSERT INTO sale_items (id, sale_id, product_id, quantity) VALUES (574, 292, 3, 1);
INSERT INTO sale_items (id, sale_id, product_id, quantity) VALUES (575, 293, 3, 1);
INSERT INTO sale_items (id, sale_id, product_id, quantity) VALUES (576, 293, 5, 2);
INSERT INTO sale_items (id, sale_id, product_id, quantity) VALUES (577, 293, 3, 2);
INSERT INTO sale_items (id, sale_id, product_id, quantity) VALUES (578, 294, 5, 2);
INSERT INTO sale_items (id, sale_id, product_id, quantity) VALUES (579, 295, 2, 1);
INSERT INTO sale_items (id, sale_id, product_id, quantity) VALUES (580, 296, 4, 2);
INSERT INTO sale_items (id, sale_id, product_id, quantity) VALUES (581, 297, 5, 1);
INSERT INTO sale_items (id, sale_id, product_id, quantity) VALUES (582, 298, 1, 1);
INSERT INTO sale_items (id, sale_id, product_id, quantity) VALUES (583, 299, 2, 1);
INSERT INTO sale_items (id, sale_id, product_id, quantity) VALUES (584, 299, 4, 2);
INSERT INTO sale_items (id, sale_id, product_id, quantity) VALUES (585, 300, 3, 1);
INSERT INTO sale_items (id, sale_id, product_id, quantity) VALUES (586, 300, 5, 1);
SELECT setval('users_id_seq', (SELECT COALESCE(MAX(id),1) FROM users));
SELECT setval('customers_id_seq', (SELECT COALESCE(MAX(id),1) FROM customers));
SELECT setval('products_id_seq', (SELECT COALESCE(MAX(id),1) FROM products));
SELECT setval('sales_id_seq', (SELECT COALESCE(MAX(id),1) FROM sales));
SELECT setval('sale_items_id_seq', (SELECT COALESCE(MAX(id),1) FROM sale_items));
COMMIT;
